109.71057637532552, 00069_1.ppm
116.1466801961263, 00264_2.ppm
141.05433400472006, 00536_2.ppm
143.55278778076172, 00794_3.ppm
124.89818064371745, 00772_2.ppm
123.3300043741862, 00681_1.ppm
156.60323588053384, 00533_1.ppm
163.48617808024088, 00934_2.ppm
109.98953755696614, 00769_1.ppm
123.48716735839844, 00182_7.ppm
85.60226949055989, 00830_3.ppm
158.49015299479166, 00622_2.ppm
105.29748789469402, 00703_2.ppm
167.91317749023438, 00039_1.ppm
111.9679692586263, 00940_1.ppm
131.34567260742188, 00701_1.ppm
130.565066019694, 00579_4.ppm
134.36954752604166, 00307_2.ppm
125.29148864746094, 00633_2.ppm
132.08933766682944, 00182_3.ppm
159.73909505208334, 00472_1.ppm
132.82164510091147, 00415_1.ppm
120.39609273274739, 00415_4.ppm
112.57751719156902, 00288_1.ppm
68.24995422363281, 00826_2.ppm
142.21408335367838, 00676_1.ppm
97.42615000406902, 00443_2.ppm
143.8473383585612, 00973_1.ppm
117.16019694010417, 00350_2.ppm
181.48631032307944, 00531_3.ppm
112.73134867350261, 00081_2.ppm
126.06365203857422, 00524_2.ppm
130.67903900146484, 00149_2.ppm
153.3490447998047, 00503_2.ppm
73.57156626383464, 00611_2.ppm
142.82052357991537, 00162_3.ppm
165.13153584798178, 00878_2.ppm
136.83658599853516, 00087_1.ppm
164.42743428548178, 00732_12.ppm
69.41696421305339, 00833_3.ppm
127.25606791178386, 00460_2.ppm
94.99982198079427, 00140_2.ppm
105.6487553914388, 00704_6.ppm
110.2355448404948, 00157_3.ppm
124.17173512776692, 00392_4.ppm
99.84932454427083, 00457_2.ppm
130.03402201334634, 00231_2.ppm
156.12022145589194, 00761_4.ppm
126.2882080078125, 00489_1.ppm
137.17492167154947, 00010_2.ppm
129.95933787027994, 00213_1.ppm
119.4755376180013, 00993_1.ppm
145.79542541503906, 00370_1.ppm
135.0731684366862, 00578_1.ppm
153.60667673746744, 00895_1.ppm
152.5187555948893, 00760_6.ppm
134.44073994954428, 00214_2.ppm
147.34652201334634, 00747_1.ppm
162.4374567667643, 00743_1.ppm
158.3006108601888, 00793_2.ppm
138.9490178426107, 00269_3.ppm
143.15060679117838, 00171_1.ppm
121.02805836995442, 00435_2.ppm
163.2434870402018, 00732_11.ppm
126.9324239095052, 00784_1.ppm
123.4600092569987, 00502_3.ppm
128.86343892415366, 00522_5.ppm
112.78371938069661, 00279_2.ppm
139.01212056477866, 00751_7.ppm
142.93472798665366, 00932_1.ppm
173.48070780436197, 00892_1.ppm
122.01207478841145, 00576_4.ppm
105.64388020833333, 00107_4.ppm
107.2042719523112, 00762_2.ppm
168.76988983154297, 00810_4.ppm
124.73874155680339, 00026_1.ppm
103.1418228149414, 00710_2.ppm
167.0071029663086, 00900_1.ppm
99.02450052897136, 00292_1.ppm
132.05568186442056, 00004_2.ppm
65.14204915364583, 00865_2.ppm
121.77673594156902, 00660_4.ppm
148.73123168945312, 00751_1.ppm
140.1672821044922, 00714_5.ppm
132.1080576578776, 00325_4.ppm
121.80323028564453, 00507_3.ppm
151.11878967285156, 00610_2.ppm
145.0542755126953, 00612_2.ppm
172.73576863606772, 00902_2.ppm
136.39427185058594, 00210_4.ppm
106.87266031901042, 00092_2.ppm
131.4083023071289, 00429_2.ppm
126.86914571126302, 00146_11.ppm
106.48708089192708, 00024_5.ppm
129.72368621826172, 00627_3.ppm
146.84054565429688, 00595_2.ppm
147.68889872233072, 00636_2.ppm
153.26839192708334, 00573_2.ppm
150.05225880940756, 00630_6.ppm
120.44703165690105, 00366_2.ppm
134.605349222819, 00282_1.ppm
126.73429107666016, 00236_2.ppm
173.36914571126303, 00146_4.ppm
130.8648249308268, 00556_8.ppm
119.5366719563802, 00570_1.ppm
131.15973154703775, 00004_1.ppm
155.38910675048828, 00708_7.ppm
171.29339599609375, 00899_1.ppm
67.72130330403645, 00855_2.ppm
146.59104919433594, 00660_1.ppm
120.68475341796875, 00594_1.ppm
128.40909067789713, 00732_6.ppm
169.8669662475586, 00773_3.ppm
161.34642791748047, 00383_4.ppm
164.78126525878906, 00037_1.ppm
151.24542490641275, 00737_3.ppm
93.74364217122395, 00106_2.ppm
154.6496836344401, 00948_1.ppm
88.63480377197266, 00138_1.ppm
153.49713643391928, 00533_6.ppm
151.52174123128256, 00503_4.ppm
146.39610036214194, 00747_3.ppm
93.62891133626302, 01008_2.ppm
153.3542048136393, 00918_2.ppm
90.37896728515625, 00044_1.ppm
154.46448516845703, 00894_2.ppm
129.87726847330728, 00373_1.ppm
153.23529052734375, 00572_2.ppm
119.97726694742839, 00353_1.ppm
135.68375651041666, 00002_6.ppm
138.62449645996094, 00241_1.ppm
109.50051371256511, 00027_2.ppm
115.57769521077473, 00437_2.ppm
82.17908477783203, 00830_4.ppm
174.23568725585938, 00468_6.ppm
150.11778004964194, 00629_2.ppm
111.21744791666667, 00262_2.ppm
126.90838623046875, 00259_2.ppm
138.23742167154947, 00783_1.ppm
109.30136108398438, 00715_2.ppm
130.38644663492838, 00627_1.ppm
131.30331420898438, 00582_1.ppm
139.32999674479166, 00517_2.ppm
145.84827168782553, 00625_1.ppm
99.73681640625, 00107_2.ppm
127.15961456298828, 00373_2.ppm
128.03693389892578, 00051_2.ppm
144.91463216145834, 00952_1.ppm
143.53973897298178, 00250_1.ppm
123.72180430094402, 00466_2.ppm
70.91084543863933, 00866_1.ppm
109.5817159016927, 00729_3.ppm
142.5309321085612, 00442_1.ppm
132.64804077148438, 00778_1.ppm
120.4816182454427, 00083_4.ppm
169.3774210611979, 00733_2.ppm
140.18392181396484, 00545_2.ppm
128.20248158772787, 00367_2.ppm
116.6887944539388, 00694_2.ppm
141.91934712727866, 00316_2.ppm
157.08428955078125, 00285_1.ppm
127.96336110432942, 00427_1.ppm
76.53507741292317, 00019_8.ppm
128.51392618815103, 00325_2.ppm
165.10753377278647, 00929_2.ppm
139.64952341715494, 00520_2.ppm
137.71422068277994, 00616_2.ppm
137.51110331217447, 00608_1.ppm
106.2268778483073, 00064_1.ppm
144.87224324544272, 00643_2.ppm
131.69720713297525, 00538_3.ppm
136.6119588216146, 00528_2.ppm
183.89136250813803, 00108_3.ppm
147.14373016357422, 00786_2.ppm
160.23775736490884, 00907_3.ppm
164.28876749674478, 00801_2.ppm
110.26048024495442, 00291_2.ppm
151.25056966145834, 00952_2.ppm
104.59139760335286, 00078_1.ppm
124.5127182006836, 00596_1.ppm
117.43627166748047, 00524_4.ppm
158.33017222086588, 00737_5.ppm
104.96947987874348, 00028_6.ppm
116.39220682779948, 00116_2.ppm
124.02825673421223, 00404_2.ppm
130.54635620117188, 00330_2.ppm
143.18572998046875, 00630_5.ppm
59.063680013020836, 00872_2.ppm
110.55149586995442, 00967_2.ppm
145.0687739054362, 00324_1.ppm
132.65011342366537, 00340_1.ppm
137.46997578938803, 00289_4.ppm
169.57274119059244, 00893_2.ppm
124.07317352294922, 00556_6.ppm
119.77096303304036, 01009_1.ppm
131.79656219482422, 00755_1.ppm
156.3567148844401, 00704_2.ppm
91.16188049316406, 00254_4.ppm
142.1101048787435, 00207_2.ppm
109.86268361409505, 00077_1.ppm
142.8354924519857, 00970_1.ppm
81.56883239746094, 00239_1.ppm
116.22828165690105, 00387_1.ppm
121.80957794189453, 00487_2.ppm
126.25002797444661, 00493_1.ppm
111.92259216308594, 00500_2.ppm
123.99160257975261, 00249_2.ppm
165.76126861572266, 00772_5.ppm
154.60928853352866, 00660_3.ppm
154.5346221923828, 00298_3.ppm
142.06955210367838, 00207_1.ppm
142.24317677815756, 00486_1.ppm
121.09390767415364, 00461_3.ppm
119.42775980631511, 00379_2.ppm
71.11181386311848, 00860_2.ppm
124.85068766276042, 00596_2.ppm
126.38068389892578, 00750_6.ppm
80.34952036539714, 00821_4.ppm
136.57333119710287, 00256_6.ppm
118.16200510660808, 00695_1.ppm
139.04869079589844, 00491_2.ppm
124.26887766520183, 00389_1.ppm
106.15651957194011, 00710_5.ppm
138.90563201904297, 00416_1.ppm
126.20936075846355, 00496_1.ppm
127.64577229817708, 00777_2.ppm
136.8704376220703, 00019_3.ppm
129.19781494140625, 00785_1.ppm
130.46654256184897, 00003_7.ppm
145.7094497680664, 00794_1.ppm
121.16983795166016, 00246_1.ppm
138.3531926472982, 00763_5.ppm
158.786013285319, 00567_2.ppm
106.98744201660156, 00707_2.ppm
117.4294204711914, 00971_1.ppm
148.1445058186849, 00770_3.ppm
162.82986958821616, 00958_2.ppm
123.53661092122395, 00374_2.ppm
133.89701334635416, 00095_4.ppm
125.94385274251302, 00784_2.ppm
93.05051930745442, 00191_2.ppm
150.40005238850912, 00745_6.ppm
147.25690714518228, 00531_1.ppm
78.18081410725911, 00834_1.ppm
178.92476654052734, 00752_4.ppm
137.34318033854166, 00540_1.ppm
136.88531239827475, 00222_1.ppm
114.54469553629558, 00454_2.ppm
127.91163889567058, 00185_4.ppm
133.09884389241537, 00543_1.ppm
140.93817392985025, 00522_4.ppm
155.7834930419922, 00789_6.ppm
149.84324645996094, 00600_2.ppm
139.0514907836914, 00544_4.ppm
132.5457967122396, 00179_1.ppm
136.89901987711588, 00985_1.ppm
113.95166778564453, 00541_1.ppm
122.17398834228516, 00135_1.ppm
104.46338144938152, 00505_1.ppm
128.83353424072266, 00204_2.ppm
134.3557561238607, 00799_2.ppm
107.83069864908855, 00147_1.ppm
156.53854624430338, 00909_2.ppm
148.8543268839518, 00693_2.ppm
121.91470845540364, 00381_2.ppm
128.92354838053384, 00337_2.ppm
86.49880727132161, 00841_1.ppm
142.3524907430013, 00744_4.ppm
138.9769287109375, 00216_1.ppm
128.7963663736979, 00508_5.ppm
115.65191141764323, 00387_4.ppm
141.23321024576822, 00516_1.ppm
114.54665883382161, 00188_3.ppm
115.42402903238933, 00410_1.ppm
150.7336908976237, 00531_6.ppm
121.25050608317058, 00276_4.ppm
129.01139068603516, 00752_2.ppm
149.58675384521484, 00494_1.ppm
66.26037343343098, 00845_2.ppm
118.62163543701172, 00132_2.ppm
137.01795959472656, 00326_1.ppm
142.81533813476562, 00511_2.ppm
159.08849080403647, 00913_1.ppm
183.88114166259766, 00558_2.ppm
109.48707834879558, 00711_2.ppm
132.60789744059244, 00430_2.ppm
161.421994527181, 00954_2.ppm
128.12505086263022, 00219_2.ppm
150.88838704427084, 00577_2.ppm
160.73313903808594, 00880_1.ppm
154.797971089681, 00972_2.ppm
131.28662872314453, 00481_2.ppm
178.63286590576172, 00744_8.ppm
124.18497467041016, 00419_1.ppm
153.5694376627604, 00720_5.ppm
145.15211232503256, 00528_1.ppm
130.91515604654947, 00084_1.ppm
107.95038604736328, 00377_1.ppm
91.02119445800781, 00049_1.ppm
158.3816375732422, 00641_1.ppm
107.57737986246745, 00728_2.ppm
168.68561808268228, 00752_3.ppm
120.29659525553386, 00278_1.ppm
105.50346374511719, 00227_1.ppm
77.50316111246745, 00834_4.ppm
128.96224466959634, 00006_2.ppm
124.96444956461589, 00026_2.ppm
134.28105672200522, 00519_6.ppm
114.72413126627605, 00686_2.ppm
118.13762664794922, 00568_3.ppm
120.48630269368489, 01006_1.ppm
190.191525777181, 00926_1.ppm
130.83914184570312, 00722_3.ppm
151.51593017578125, 00693_1.ppm
147.32761891682944, 00393_4.ppm
128.31495920817056, 00537_1.ppm
104.46659342447917, 00705_8.ppm
119.63291422526042, 00328_1.ppm
117.4623311360677, 00414_4.ppm
104.89424387613933, 00029_13.ppm
114.74352773030598, 00117_1.ppm
166.18314107259116, 00899_3.ppm
119.00455729166667, 00772_3.ppm
123.46976725260417, 00204_1.ppm
87.58142344156902, 00138_2.ppm
129.96149190266928, 00508_2.ppm
114.5132319132487, 00594_5.ppm
140.82320912679037, 00544_1.ppm
127.23316955566406, 00215_1.ppm
124.52981821695964, 00029_3.ppm
112.30242919921875, 00170_1.ppm
115.23501078287761, 00995_2.ppm
152.9502436319987, 00883_2.ppm
114.87300618489583, 00105_2.ppm
167.73881022135416, 00892_2.ppm
120.73882802327473, 00956_2.ppm
128.46019236246744, 00721_2.ppm
126.97791544596355, 00445_2.ppm
107.25533294677734, 00069_2.ppm
149.66012064615884, 00603_1.ppm
130.4194310506185, 00339_3.ppm
130.3718236287435, 00326_2.ppm
88.12147521972656, 00867_3.ppm
93.98666890462239, 00709_1.ppm
133.53573608398438, 00351_2.ppm
125.56016286214192, 00422_2.ppm
144.97460428873697, 00175_1.ppm
136.38039906819662, 00724_3.ppm
122.41576639811198, 00182_6.ppm
107.72058359781902, 00505_4.ppm
123.09336853027344, 00060_2.ppm
112.97822825113933, 00395_1.ppm
78.67438252766927, 00857_1.ppm
151.1477279663086, 00876_4.ppm
131.30506388346353, 00306_1.ppm
121.74509684244792, 00283_8.ppm
139.93030293782553, 00340_3.ppm
139.61288452148438, 00925_2.ppm
129.72676849365234, 00022_1.ppm
127.51791127522786, 00695_2.ppm
116.14179229736328, 00559_1.ppm
144.2832260131836, 00359_2.ppm
97.0025405883789, 00073_1.ppm
147.9880599975586, 00345_2.ppm
116.31338755289714, 00230_2.ppm
93.93690745035808, 00046_2.ppm
148.41655731201172, 00146_3.ppm
147.4584935506185, 00593_4.ppm
152.32414754231772, 00369_1.ppm
117.50821431477864, 00132_1.ppm
140.30674743652344, 00547_1.ppm
156.40426127115884, 00251_1.ppm
173.90579986572266, 00879_4.ppm
137.41365559895834, 00384_1.ppm
145.74464162190756, 00024_3.ppm
143.79465993245444, 00498_1.ppm
140.82388305664062, 00751_3.ppm
124.26080830891927, 00790_2.ppm
96.07919057210286, 00002_7.ppm
134.5224355061849, 00815_2.ppm
124.86696879069011, 00363_2.ppm
102.2872314453125, 00773_6.ppm
128.57671610514322, 00419_2.ppm
177.9376983642578, 00531_4.ppm
98.81399790445964, 00126_1.ppm
119.0372543334961, 00479_1.ppm
135.7028045654297, 00490_2.ppm
102.7900390625, 00296_2.ppm
111.37428283691406, 00996_1.ppm
129.16993713378906, 00754_2.ppm
98.63381703694661, 00126_2.ppm
162.981808980306, 00573_1.ppm
181.6245142618815, 00914_1.ppm
146.0110346476237, 00546_1.ppm
131.83778127034506, 00338_3.ppm
151.38501485188803, 00588_6.ppm
123.23374430338542, 00586_1.ppm
152.70230356852213, 00640_2.ppm
105.71144612630208, 00020_1.ppm
151.96703338623047, 00321_2.ppm
145.09396616617838, 00509_4.ppm
123.89146423339844, 00681_2.ppm
130.34097798665366, 00415_3.ppm
109.76468658447266, 00843_1.ppm
123.50416564941406, 00752_7.ppm
141.42523956298828, 00593_3.ppm
156.42762756347656, 00945_1.ppm
148.72844696044922, 00618_4.ppm
56.39237976074219, 00842_1.ppm
126.3982442220052, 00774_6.ppm
172.45705922444662, 00923_1.ppm
83.6692123413086, 00820_1.ppm
133.9667536417643, 00800_2.ppm
138.28141021728516, 00175_2.ppm
165.0904312133789, 00899_2.ppm
134.9755884806315, 00432_1.ppm
142.7548624674479, 00924_2.ppm
175.06463114420572, 00907_4.ppm
148.14242299397787, 00645_2.ppm
170.11610666910806, 00743_6.ppm
166.8489023844401, 00760_2.ppm
129.18507385253906, 00395_2.ppm
128.1140874226888, 00352_1.ppm
120.24135843912761, 00665_1.ppm
170.02358754475912, 00915_1.ppm
125.6410624186198, 00036_2.ppm
115.08240000406902, 00278_2.ppm
118.99043528238933, 00568_2.ppm
123.50633239746094, 00202_1.ppm
135.86246744791666, 00736_4.ppm
134.5790761311849, 00222_2.ppm
138.54622904459634, 00486_2.ppm
159.37242635091147, 00594_4.ppm
141.20488739013672, 00596_4.ppm
112.65018208821614, 00703_4.ppm
126.0711186726888, 00549_3.ppm
129.2565714518229, 00574_2.ppm
106.49124654134114, 01007_2.ppm
124.37127939860027, 00185_1.ppm
94.58194478352864, 00630_4.ppm
106.88438924153645, 00177_2.ppm
96.47313690185547, 00134_2.ppm
113.43912760416667, 00082_1.ppm
74.92794545491536, 00730_1.ppm
129.570068359375, 00817_2.ppm
93.82567850748698, 00093_3.ppm
128.85527547200522, 00754_1.ppm
113.85682423909505, 00068_1.ppm
134.33783213297525, 00287_4.ppm
141.08209991455078, 00760_5.ppm
152.9876912434896, 00129_2.ppm
119.53240966796875, 00508_4.ppm
96.83422597249348, 00140_4.ppm
132.80821736653647, 00521_3.ppm
124.33270263671875, 00491_4.ppm
122.552490234375, 00635_1.ppm
129.38750203450522, 00423_2.ppm
156.12228139241537, 00474_1.ppm
141.93201446533203, 00614_1.ppm
120.08994038899739, 00387_2.ppm
121.28423817952473, 00060_1.ppm
110.40330505371094, 00058_1.ppm
71.75436401367188, 00853_2.ppm
111.29411315917969, 00989_1.ppm
120.68993377685547, 00319_2.ppm
170.23909505208334, 00917_2.ppm
133.5710906982422, 00997_1.ppm
167.49854278564453, 00812_1.ppm
122.6519037882487, 00788_1.ppm
127.30456034342448, 00775_2.ppm
153.4313939412435, 00579_2.ppm
124.50801849365234, 00764_3.ppm
120.06806182861328, 00130_2.ppm
147.1790033976237, 00876_1.ppm
104.8808822631836, 00064_2.ppm
158.8260955810547, 00125_1.ppm
171.46179962158203, 00772_4.ppm
134.37201436360678, 00795_2.ppm
92.24481709798177, 00106_1.ppm
133.84395853678384, 00628_1.ppm
135.87130737304688, 00263_2.ppm
81.75023905436198, 00821_1.ppm
104.07456715901692, 00018_2.ppm
120.0507074991862, 00173_2.ppm
121.71334075927734, 00124_2.ppm
97.53390757242839, 00040_3.ppm
155.95865376790366, 00601_1.ppm
139.0131403605143, 00303_2.ppm
123.5578842163086, 00538_2.ppm
150.92684427897134, 00597_1.ppm
122.79354095458984, 00305_2.ppm
105.61136118570964, 00046_1.ppm
72.69110616048177, 00268_3.ppm
156.27704620361328, 00038_1.ppm
170.3191706339518, 00901_2.ppm
111.4832763671875, 00713_1.ppm
166.9842300415039, 00950_1.ppm
149.1850153605143, 00740_1.ppm
131.1888427734375, 00007_2.ppm
124.7952168782552, 00151_2.ppm
124.63083394368489, 00367_1.ppm
160.88914235432944, 00553_4.ppm
143.05266825358072, 00275_2.ppm
120.26729838053386, 00276_1.ppm
135.07637532552084, 00355_1.ppm
139.88748168945312, 00492_2.ppm
123.51444753011067, 00619_1.ppm
138.29686228434244, 00712_2.ppm
146.3958740234375, 01011_2.ppm
98.48380533854167, 00115_2.ppm
151.53334045410156, 00369_2.ppm
114.4977544148763, 00209_1.ppm
129.67340342203775, 00228_2.ppm
129.4258778889974, 00498_3.ppm
136.8049570719401, 00289_1.ppm
136.4626261393229, 00741_2.ppm
149.85800170898438, 00910_1.ppm
142.98159535725912, 00268_8.ppm
70.64110819498698, 00855_1.ppm
159.30916341145834, 00884_2.ppm
109.30565643310547, 00048_1.ppm
131.12943267822266, 00656_2.ppm
137.6409479777018, 00740_4.ppm
65.31679026285808, 00669_5.ppm
123.36573537190755, 00465_5.ppm
121.05562082926433, 00660_2.ppm
90.4285405476888, 00044_2.ppm
61.85103098551432, 00871_1.ppm
168.48634592692056, 00146_8.ppm
139.93416341145834, 00550_2.ppm
135.29515584309897, 00155_2.ppm
122.56334177652995, 00980_1.ppm
122.47765096028645, 00678_1.ppm
147.79442596435547, 00885_1.ppm
98.27641296386719, 00109_1.ppm
68.27563985188802, 00824_1.ppm
99.5713882446289, 00638_1.ppm
123.94905853271484, 00798_1.ppm
153.41065470377603, 00550_3.ppm
112.10260009765625, 00120_2.ppm
102.17574055989583, 00159_2.ppm
151.335568745931, 00393_1.ppm
139.01398722330728, 00544_2.ppm
165.08042653401694, 00745_1.ppm
102.74838002522786, 00018_1.ppm
120.20223744710286, 00774_2.ppm
133.91867319742838, 00493_2.ppm
131.06148783365884, 00289_3.ppm
101.86589813232422, 00113_1.ppm
129.26083119710287, 00946_1.ppm
133.36087544759116, 00724_6.ppm
133.0468292236328, 00795_1.ppm
138.64413452148438, 00357_2.ppm
116.3399429321289, 00990_2.ppm
122.51786804199219, 00383_1.ppm
122.33702596028645, 00717_4.ppm
126.59850311279297, 00174_1.ppm
106.49674987792969, 00265_2.ppm
121.48470815022786, 01000_1.ppm
150.73150889078775, 00885_2.ppm
144.79799143473306, 00108_8.ppm
112.74333190917969, 00025_1.ppm
118.41023254394531, 01208_1.ppm
120.52498118082683, 00271_2.ppm
183.88131459554037, 00558_1.ppm
127.69386291503906, 00414_2.ppm
128.69254048665366, 00352_2.ppm
149.33576202392578, 00939_2.ppm
91.27467346191406, 00054_2.ppm
118.81628926595052, 00678_2.ppm
72.0523198445638, 00268_5.ppm
143.58831532796225, 00466_1.ppm
151.01898193359375, 00966_1.ppm
129.45111592610678, 00490_1.ppm
148.49322764078775, 00198_2.ppm
146.08086903889975, 00642_3.ppm
120.26593017578125, 00680_1.ppm
151.3773930867513, 00740_3.ppm
141.73074595133463, 00029_20.ppm
164.78069051106772, 00763_6.ppm
163.67754872639975, 00565_4.ppm
129.6900151570638, 00383_6.ppm
143.9794133504232, 00615_4.ppm
134.3977254231771, 00028_3.ppm
151.63947550455728, 00897_1.ppm
119.23759206136067, 00534_1.ppm
146.971804300944, 00717_7.ppm
111.86309814453125, 00131_2.ppm
169.75538635253906, 00146_6.ppm
113.5152816772461, 00099_1.ppm
126.35162862141927, 00414_1.ppm
152.8581517537435, 00588_3.ppm
129.8251978556315, 00330_1.ppm
127.31647491455078, 00051_1.ppm
116.4770278930664, 00433_1.ppm
130.81055450439453, 00477_1.ppm
105.36592102050781, 00266_2.ppm
107.08472951253255, 00444_2.ppm
113.42974599202473, 00221_1.ppm
119.38341522216797, 00771_6.ppm
147.23133850097656, 00629_1.ppm
121.54846954345703, 00462_4.ppm
153.01300048828125, 00761_3.ppm
125.52255249023438, 00732_10.ppm
131.80099741617838, 00992_2.ppm
146.29369608561197, 00529_1.ppm
128.64704386393228, 00096_1.ppm
102.16762797037761, 00782_1.ppm
109.80584971110027, 00100_2.ppm
113.12315877278645, 00103_1.ppm
119.6916275024414, 00294_2.ppm
114.44887797037761, 00791_2.ppm
124.31019846598308, 00764_2.ppm
104.4678726196289, 00742_1.ppm
123.44834391276042, 00817_1.ppm
70.99393463134766, 00834_3.ppm
100.71321868896484, 00290_2.ppm
144.44480641682944, 00420_1.ppm
93.93310292561848, 00837_1.ppm
151.83898417154947, 00111_1.ppm
167.7573471069336, 00763_4.ppm
145.5965143839518, 00598_4.ppm
113.19364929199219, 00091_1.ppm
101.5767110188802, 00589_1.ppm
137.78144327799478, 00304_1.ppm
115.25332895914714, 00447_2.ppm
124.59024302164714, 00497_3.ppm
133.5834197998047, 00429_3.ppm
152.95710245768228, 00572_1.ppm
155.99300384521484, 00656_1.ppm
119.55254364013672, 00576_3.ppm
137.60004425048828, 00614_2.ppm
146.04647572835287, 00711_3.ppm
128.4124984741211, 00765_2.ppm
147.07549794514975, 00758_2.ppm
134.1877899169922, 00998_2.ppm
121.32776387532552, 00468_5.ppm
117.44359334309895, 00314_2.ppm
162.98331197102866, 00879_3.ppm
128.6152318318685, 00450_1.ppm
131.1744817097982, 00244_2.ppm
122.69263458251953, 00497_4.ppm
149.3673299153646, 01003_1.ppm
125.40054829915364, 00338_2.ppm
135.57496897379556, 00581_1.ppm
138.0792694091797, 00632_2.ppm
156.00369262695312, 00905_1.ppm
121.35543060302734, 00790_1.ppm
144.5633061726888, 00186_2.ppm
106.78238932291667, 00128_2.ppm
149.01077016194662, 00888_2.ppm
63.324607849121094, 00873_1.ppm
124.96245829264323, 00538_1.ppm
129.70461781819662, 00616_1.ppm
134.52555084228516, 00012_4.ppm
142.22144826253256, 00455_1.ppm
115.58182779947917, 00013_3.ppm
104.35443878173828, 00150_3.ppm
109.12549591064453, 00075_1.ppm
118.22868347167969, 00238_2.ppm
156.58600870768228, 00469_3.ppm
83.15621693929036, 00836_1.ppm
163.5289510091146, 00732_7.ppm
131.88542683919272, 00776_2.ppm
144.1918182373047, 00605_2.ppm
142.6967290242513, 00268_1.ppm
115.23376719156902, 00771_5.ppm
116.15652720133464, 00459_2.ppm
160.91512298583984, 00896_1.ppm
116.2250467936198, 00810_2.ppm
112.4578628540039, 00458_1.ppm
137.65394846598306, 00639_1.ppm
148.57046254475912, 00588_8.ppm
129.85277557373047, 00736_3.ppm
113.77672322591145, 00406_2.ppm
170.7549591064453, 00959_1.ppm
134.4930623372396, 00005_1.ppm
78.38595326741536, 00822_2.ppm
91.76808675130208, 00197_1.ppm
127.73199971516927, 00777_1.ppm
117.27003733317058, 00524_3.ppm
169.22443135579428, 00911_1.ppm
132.50096384684244, 00605_3.ppm
129.6940943400065, 00437_1.ppm
158.6688969930013, 00323_1.ppm
151.2324422200521, 00551_1.ppm
149.12903594970703, 00774_4.ppm
108.41650136311848, 00456_2.ppm
113.81064351399739, 00218_2.ppm
122.95965321858723, 00220_2.ppm
131.91854604085287, 00326_3.ppm
119.65951283772786, 00057_2.ppm
110.98755391438802, 00120_1.ppm
131.14797719319662, 00729_4.ppm
140.23347981770834, 00193_4.ppm
125.28869374593098, 00376_2.ppm
127.90533447265625, 00001_1.ppm
112.5077616373698, 00479_2.ppm
144.19537607828775, 00112_2.ppm
156.40904744466147, 00522_2.ppm
131.47432708740234, 00452_1.ppm
141.3456827799479, 00987_2.ppm
111.88886260986328, 00787_3.ppm
80.45324198404948, 00850_2.ppm
118.12764231363933, 00462_2.ppm
122.74857838948567, 00089_1.ppm
95.46402231852214, 00115_1.ppm
129.22930653889975, 00061_1.ppm
113.761962890625, 00071_3.ppm
105.18051147460938, 00505_3.ppm
113.28521219889323, 00201_1.ppm
124.223876953125, 00366_1.ppm
116.77501678466797, 00714_1.ppm
138.58554077148438, 00146_13.ppm
107.09998067220052, 00770_8.ppm
186.42028299967447, 00879_2.ppm
128.76938120524088, 00502_1.ppm
134.09833780924478, 00726_3.ppm
97.79437255859375, 00700_2.ppm
133.74893442789713, 00282_2.ppm
103.85577138264973, 00699_2.ppm
91.99034372965495, 00245_1.ppm
135.83719380696616, 00363_1.ppm
117.28275044759114, 00344_1.ppm
165.46595764160156, 00929_1.ppm
108.17170969645183, 00448_1.ppm
153.9577865600586, 00774_5.ppm
138.91174825032553, 00924_1.ppm
124.22074635823567, 00565_2.ppm
160.17062377929688, 00877_1.ppm
142.96195475260416, 00473_3.ppm
120.36536153157552, 00722_7.ppm
128.32631174723306, 00252_1.ppm
117.49340311686198, 00412_1.ppm
158.57952880859375, 00887_1.ppm
150.5995890299479, 00563_2.ppm
79.98494720458984, 00857_2.ppm
134.91528828938803, 00631_2.ppm
120.41189575195312, 00556_5.ppm
125.66099548339844, 00556_1.ppm
157.8981196085612, 00038_2.ppm
152.80782063802084, 00732_9.ppm
117.86319986979167, 00737_6.ppm
120.50199635823567, 00312_1.ppm
125.67246500651042, 00162_1.ppm
115.8582763671875, 00440_1.ppm
111.41308085123698, 00025_2.ppm
167.47603352864584, 00121_2.ppm
154.42398071289062, 00773_4.ppm
143.2655283610026, 00472_5.ppm
125.80708821614583, 00683_2.ppm
121.7932866414388, 00015_1.ppm
133.0917510986328, 00155_3.ppm
133.60113016764322, 00108_2.ppm
83.73992919921875, 00836_2.ppm
123.62626393636067, 00726_1.ppm
113.12355550130208, 00409_1.ppm
123.46847534179688, 00648_2.ppm
168.59613800048828, 00904_2.ppm
80.77088928222656, 00831_1.ppm
54.80823262532552, 00872_1.ppm
137.51348622639975, 00920_1.ppm
168.26634979248047, 00947_1.ppm
76.81203715006511, 00154_2.ppm
127.4063008626302, 00476_4.ppm
120.77882893880208, 00293_1.ppm
137.82996622721353, 00698_1.ppm
146.5902887980143, 00516_3.ppm
147.34110260009766, 00767_4.ppm
111.35408020019531, 00699_1.ppm
146.7101084391276, 00789_5.ppm
115.06651560465495, 00173_1.ppm
141.8600285847982, 00894_1.ppm
135.95698038736978, 00360_2.ppm
104.26371510823567, 00093_1.ppm
135.76675923665366, 00937_2.ppm
115.30830383300781, 00158_1.ppm
124.24382781982422, 00688_1.ppm
137.17193094889322, 00520_4.ppm
128.96605173746744, 00684_2.ppm
144.41254170735678, 00654_2.ppm
138.20498911539713, 00183_2.ppm
121.84591929117839, 00124_1.ppm
90.0973612467448, 00049_2.ppm
136.41590627034506, 00400_2.ppm
108.98162078857422, 00655_2.ppm
168.329958597819, 00927_2.ppm
115.76600646972656, 00131_1.ppm
129.52115376790366, 00311_1.ppm
117.14661407470703, 00653_2.ppm
110.73707071940105, 00184_2.ppm
65.64466603597005, 00858_1.ppm
157.39741007486978, 00806_3.ppm
71.50240071614583, 00858_2.ppm
119.28842163085938, 00433_2.ppm
89.83230082194011, 00504_2.ppm
108.19380950927734, 00386_2.ppm
107.45879364013672, 00723_1.ppm
123.03905232747395, 00764_1.ppm
93.68607076009114, 00709_3.ppm
144.1528116861979, 00475_1.ppm
92.5141118367513, 00113_2.ppm
143.32852427164713, 00324_2.ppm
139.008669535319, 00735_2.ppm
143.9272715250651, 00475_2.ppm
131.3555170694987, 00127_2.ppm
142.44554138183594, 00486_3.ppm
139.3217544555664, 00751_8.ppm
157.91629536946616, 00806_4.ppm
164.98143513997397, 00770_2.ppm
153.47332509358725, 00613_1.ppm
146.1713663736979, 00511_1.ppm
131.9251912434896, 00549_1.ppm
120.64726003011067, 00798_2.ppm
127.18204243977864, 00399_2.ppm
126.37330881754558, 00718_1.ppm
146.90229288736978, 00295_1.ppm
156.67544555664062, 00566_2.ppm
169.94497680664062, 00959_2.ppm
141.72421518961588, 00600_3.ppm
130.91497802734375, 00575_1.ppm
117.99304962158203, 00453_2.ppm
121.49529774983723, 00353_2.ppm
114.75045013427734, 00182_4.ppm
110.98376719156902, 00002_1.ppm
70.30626169840495, 00565_5.ppm
139.01270039876303, 00284_1.ppm
132.3311564127604, 00276_3.ppm
139.54104614257812, 00193_2.ppm
91.99913279215495, 00731_1.ppm
119.59393564860027, 00431_1.ppm
91.55295817057292, 00689_2.ppm
141.63452911376953, 00512_3.ppm
67.42757161458333, 00833_4.ppm
151.466672261556, 00388_1.ppm
93.33591206868489, 00443_1.ppm
126.67549641927083, 00311_2.ppm
99.77657572428386, 00779_2.ppm
178.93396504720053, 00914_2.ppm
112.94275410970052, 00158_2.ppm
147.539426167806, 00527_1.ppm
107.98990376790364, 00292_2.ppm
122.7295659383138, 00985_2.ppm
187.94406127929688, 00979_1.ppm
110.86327616373698, 00165_1.ppm
136.76487731933594, 00768_6.ppm
137.66803741455078, 00010_1.ppm
107.90515391031902, 00053_2.ppm
135.73091634114584, 00521_4.ppm
105.86333974202473, 00024_4.ppm
149.1131337483724, 00040_2.ppm
148.46906534830728, 00744_1.ppm
157.2974650065104, 00750_1.ppm
160.3814214070638, 00779_3.ppm
152.52538299560547, 00602_2.ppm
72.04595438639323, 00875_1.ppm
117.45735931396484, 00647_2.ppm
113.9320805867513, 00980_2.ppm
126.91409556070964, 00734_2.ppm
151.73472849527994, 00613_2.ppm
130.49463907877603, 00642_2.ppm
164.32381439208984, 00760_1.ppm
128.83704376220703, 00425_2.ppm
138.26921844482422, 00343_1.ppm
124.6288833618164, 00155_4.ppm
147.59253692626953, 00903_1.ppm
109.32903544108073, 00152_1.ppm
123.7366943359375, 00727_4.ppm
127.89097340901692, 00156_1.ppm
135.6181666056315, 00429_4.ppm
79.90796661376953, 00823_2.ppm
110.03434244791667, 00133_2.ppm
110.412841796875, 00059_1.ppm
115.16440073649089, 00201_2.ppm
138.71297709147134, 00467_1.ppm
142.2994130452474, 00981_1.ppm
112.58807118733723, 00392_3.ppm
169.66396840413412, 00722_4.ppm
128.48132832845053, 00749_2.ppm
90.0336176554362, 00717_6.ppm
166.36202239990234, 00979_2.ppm
128.08653259277344, 00729_1.ppm
140.9697011311849, 00523_4.ppm
76.51998138427734, 00611_1.ppm
115.2774887084961, 00107_5.ppm
160.2172826131185, 00553_2.ppm
181.3419952392578, 00915_2.ppm
171.28321584065756, 00928_1.ppm
161.58373006184897, 00903_4.ppm
141.59194691975912, 00503_1.ppm
104.10833994547527, 00296_1.ppm
95.54786173502605, 00067_2.ppm
118.1527582804362, 00685_1.ppm
105.15700276692708, 00055_1.ppm
116.0417963663737, 00258_1.ppm
158.74483489990234, 00893_1.ppm
134.649169921875, 00812_4.ppm
137.09163920084634, 00583_2.ppm
142.15691884358725, 00420_2.ppm
90.46935272216797, 00144_1.ppm
120.10453033447266, 00015_2.ppm
156.87862650553384, 00199_2.ppm
126.12390899658203, 00286_1.ppm
135.23882039388022, 00735_4.ppm
129.56187693277994, 00701_2.ppm
131.96021525065103, 00096_4.ppm
145.47027333577475, 00034_1.ppm
136.10972595214844, 00750_2.ppm
71.3341064453125, 00824_2.ppm
135.58843994140625, 00474_2.ppm
134.26526641845703, 00338_1.ppm
105.35330708821614, 00292_3.ppm
139.50232696533203, 00709_4.ppm
121.67987314860027, 00537_4.ppm
131.16000111897787, 00988_1.ppm
156.57566833496094, 00775_4.ppm
128.08038330078125, 00066_2.ppm
129.50370279947916, 00063_1.ppm
129.1879653930664, 00047_2.ppm
130.8030242919922, 00119_1.ppm
140.5886688232422, 00588_2.ppm
135.69014994303384, 00348_2.ppm
144.82978312174478, 00401_2.ppm
164.38763427734375, 00565_1.ppm
152.94830830891928, 00814_1.ppm
51.45073699951172, 00029_14.ppm
110.19993082682292, 00743_3.ppm
93.34911346435547, 00426_1.ppm
168.6673583984375, 00733_1.ppm
124.30941263834636, 00537_5.ppm
126.99887339274089, 00257_2.ppm
133.10763549804688, 00244_1.ppm
138.67567189534506, 00813_1.ppm
121.4461441040039, 00586_2.ppm
112.7168197631836, 00727_3.ppm
67.58874257405598, 00565_6.ppm
137.8582280476888, 00494_2.ppm
108.38474527994792, 00147_2.ppm
138.60144551595053, 00547_2.ppm
146.9306844075521, 00492_1.ppm
158.17530314127603, 00473_1.ppm
148.94808197021484, 00773_2.ppm
111.75272878011067, 00548_2.ppm
142.55457560221353, 00542_1.ppm
90.7450942993164, 00139_2.ppm
145.76806640625, 00491_1.ppm
168.2618637084961, 00812_3.ppm
105.6269302368164, 00495_1.ppm
151.57494099934897, 00003_5.ppm
137.77559407552084, 00811_4.ppm
96.9162826538086, 00141_2.ppm
139.1327667236328, 00304_2.ppm
132.0569585164388, 00569_1.ppm
133.5975774129232, 00012_3.ppm
117.31885019938152, 00187_1.ppm
137.15716298421225, 00545_4.ppm
111.1648661295573, 00210_3.ppm
132.742919921875, 01002_1.ppm
111.92029571533203, 00412_2.ppm
133.20144399007162, 00110_2.ppm
132.85487111409506, 00544_3.ppm
104.8177973429362, 00029_7.ppm
135.762939453125, 00012_2.ppm
86.01243591308594, 00846_1.ppm
161.74217478434244, 00933_2.ppm
139.86082712809244, 00747_4.ppm
181.7238286336263, 00917_1.ppm
104.49667104085286, 00506_3.ppm
112.05399831136067, 00071_6.ppm
136.54617818196616, 00196_2.ppm
132.26928202311197, 00440_2.ppm
127.20108286539714, 00785_2.ppm
156.21165466308594, 00906_1.ppm
96.87944030761719, 00134_1.ppm
163.07979329427084, 00037_2.ppm
175.45254770914713, 00912_1.ppm
107.43510437011719, 00128_1.ppm
115.08221689860027, 00023_1.ppm
66.4681905110677, 00852_1.ppm
121.59559122721355, 01005_1.ppm
148.89747619628906, 00786_1.ppm
133.47753397623697, 00228_1.ppm
116.05117797851562, 00161_1.ppm
141.91608683268228, 00171_2.ppm
143.2705561319987, 00016_2.ppm
125.54374186197917, 00470_1.ppm
100.66043853759766, 00093_6.ppm
164.11846160888672, 00256_3.ppm
138.23220825195312, 00751_2.ppm
124.80523173014323, 00726_2.ppm
112.92962900797527, 00013_2.ppm
142.59368133544922, 00891_1.ppm
69.9497553507487, 00860_1.ppm
129.7577133178711, 00253_2.ppm
131.26447041829428, 00029_16.ppm
121.41849009195964, 00376_1.ppm
143.83839670817056, 00224_2.ppm
136.25782521565756, 00087_2.ppm
121.78077443440755, 00378_1.ppm
128.5347468058268, 00453_3.ppm
125.84604390462239, 00269_2.ppm
143.3890584309896, 00745_3.ppm
107.80753835042317, 00053_1.ppm
132.16422271728516, 00949_1.ppm
157.68165842692056, 00931_1.ppm
134.81046040852866, 00482_2.ppm
124.17532348632812, 00383_3.ppm
127.7590560913086, 00688_2.ppm
150.93585968017578, 00752_8.ppm
161.4460703531901, 00787_4.ppm
112.77622985839844, 00431_3.ppm
179.97621409098306, 00902_1.ppm
128.53820292154947, 00630_3.ppm
123.91491190592448, 00052_2.ppm
130.79293568929037, 00807_4.ppm
135.5661366780599, 00692_1.ppm
139.73834482828775, 00014_1.ppm
70.18761189778645, 00865_1.ppm
126.01364390055339, 00150_2.ppm
158.1716054280599, 00194_1.ppm
150.63668568929037, 00551_2.ppm
126.68999989827473, 00803_2.ppm
124.25646464029948, 00597_3.ppm
124.19906616210938, 00534_3.ppm
156.79278564453125, 00710_1.ppm
148.441037495931, 00604_1.ppm
150.08349100748697, 00519_1.ppm
127.74648793538411, 00294_1.ppm
118.01857503255208, 00272_1.ppm
155.48800404866537, 00763_3.ppm
147.20427449544272, 00224_1.ppm
127.97867075602214, 00708_1.ppm
155.84937540690103, 00301_2.ppm
81.68111673990886, 00242_2.ppm
165.43311818440756, 00030_1.ppm
136.4118448893229, 00515_2.ppm
179.63157399495444, 00566_3.ppm
133.92230224609375, 00439_2.ppm
119.83168538411458, 00313_1.ppm
142.5229059855143, 00393_3.ppm
147.9858881632487, 00713_3.ppm
155.39788309733072, 00247_2.ppm
121.9694112141927, 00268_7.ppm
79.54648081461589, 00830_1.ppm
124.5287094116211, 00260_2.ppm
166.31326802571616, 00954_1.ppm
115.40013122558594, 00405_2.ppm
101.07933807373047, 00773_5.ppm
107.39091237386067, 00143_1.ppm
173.2056096394857, 00809_2.ppm
140.47626495361328, 00588_7.ppm
110.74988810221355, 00221_2.ppm
139.52509562174478, 00423_1.ppm
131.53152211507162, 00768_3.ppm
150.81809997558594, 00535_3.ppm
120.86721547444661, 00169_2.ppm
126.58243306477864, 00630_2.ppm
116.2240473429362, 00281_1.ppm
137.92947896321616, 00031_2.ppm
121.54714711507161, 00431_4.ppm
124.67147827148438, 00627_2.ppm
71.78450266520183, 00826_1.ppm
141.84598795572916, 00473_4.ppm
151.2812245686849, 00963_1.ppm
162.51654052734375, 00745_7.ppm
158.427490234375, 00553_3.ppm
138.749267578125, 00335_4.ppm
86.60990397135417, 00704_5.ppm
111.5079574584961, 00190_2.ppm
136.12391662597656, 00543_4.ppm
127.81628163655598, 00390_1.ppm
118.09001159667969, 00615_2.ppm
120.26266225179036, 00098_2.ppm
129.64773305257162, 00368_2.ppm
150.90154012044272, 00708_3.ppm
79.16696166992188, 00829_2.ppm
91.0783462524414, 00139_1.ppm
110.90221913655598, 00154_1.ppm
121.66756184895833, 00380_2.ppm
116.25465138753255, 00721_3.ppm
61.7413584391276, 00669_3.ppm
123.47897338867188, 00319_1.ppm
101.91959889729817, 00243_2.ppm
141.39177449544272, 00070_4.ppm
116.96992746988933, 00505_2.ppm
177.715207417806, 00886_2.ppm
113.67069498697917, 00218_1.ppm
151.78859202067056, 00711_4.ppm
144.06566619873047, 00780_3.ppm
112.09821319580078, 00148_2.ppm
123.61417388916016, 00005_4.ppm
122.48260243733723, 00994_1.ppm
122.39766438802083, 00727_2.ppm
122.88033803304036, 00469_1.ppm
103.58610026041667, 00718_3.ppm
117.93797047932942, 00257_1.ppm
126.87363179524739, 00003_2.ppm
137.50201416015625, 00517_3.ppm
69.30704752604167, 00861_1.ppm
145.62893676757812, 00974_2.ppm
148.978146870931, 00770_7.ppm
143.49478403727213, 00618_2.ppm
136.85114034016928, 00905_2.ppm
135.377197265625, 00300_2.ppm
89.87953440348308, 00986_2.ppm
130.1234614054362, 00733_3.ppm
128.74077351888022, 00261_1.ppm
116.66916402180989, 00431_2.ppm
114.0727310180664, 00256_1.ppm
131.35556284586588, 00003_4.ppm
133.70407104492188, 00605_1.ppm
154.1016642252604, 00922_2.ppm
131.1079839070638, 01010_2.ppm
80.12493896484375, 00822_1.ppm
97.55476888020833, 00085_2.ppm
143.52518463134766, 00349_2.ppm
124.55172729492188, 00052_1.ppm
173.92787424723306, 00809_1.ppm
118.21026865641277, 00560_2.ppm
118.10939534505208, 00983_1.ppm
123.44185384114583, 00050_1.ppm
154.788698832194, 00763_2.ppm
147.049685160319, 00562_3.ppm
141.1315434773763, 00634_2.ppm
132.36601765950522, 00730_3.ppm
130.47606658935547, 00337_1.ppm
127.35594431559245, 00739_4.ppm
103.98302968343098, 00270_1.ppm
120.30219268798828, 00995_1.ppm
143.9743855794271, 00603_2.ppm
123.17828623453777, 00714_6.ppm
68.12248229980469, 00870_2.ppm
101.66653696695964, 00745_8.ppm
141.34867095947266, 00624_2.ppm
116.45943959554036, 00100_1.ppm
151.89806111653647, 00509_2.ppm
121.00754801432292, 00609_1.ppm
110.43074035644531, 00107_3.ppm
134.84033203125, 00358_1.ppm
162.5343246459961, 00879_1.ppm
130.4047114054362, 00210_2.ppm
115.8193842569987, 00704_4.ppm
86.98061879475911, 00072_2.ppm
119.4028828938802, 00084_2.ppm
131.8266576131185, 00248_1.ppm
109.25073496500652, 00638_4.ppm
106.37963104248047, 00079_1.ppm
149.507568359375, 00034_2.ppm
155.80443572998047, 00797_4.ppm
172.54950714111328, 00916_1.ppm
145.64063262939453, 00658_1.ppm
171.18885040283203, 00878_1.ppm
94.03246561686198, 00002_2.ppm
123.20350901285808, 00375_1.ppm
74.11961619059245, 00829_3.ppm
169.7070795694987, 00807_1.ppm
144.08985137939453, 00070_7.ppm
138.7249526977539, 00339_1.ppm
148.3383814493815, 00516_2.ppm
151.2420857747396, 00321_1.ppm
147.76343282063803, 00468_7.ppm
136.87364705403647, 00095_3.ppm
148.01951344807944, 00977_2.ppm
123.36200714111328, 00593_1.ppm
133.1230723063151, 00012_1.ppm
111.90136210123698, 00507_1.ppm
127.47103627522786, 00478_2.ppm
120.9439468383789, 00465_3.ppm
130.5824991861979, 00500_3.ppm
129.96897633870444, 00733_4.ppm
165.4853541056315, 00508_6.ppm
165.2635065714518, 00927_1.ppm
119.61847686767578, 00146_10.ppm
121.12327067057292, 00093_5.ppm
126.04241180419922, 00213_2.ppm
154.75064595540366, 00601_2.ppm
95.26221720377605, 00104_2.ppm
132.6280975341797, 00371_4.ppm
145.38886260986328, 00040_4.ppm
169.76969146728516, 00761_2.ppm
120.17806752522786, 00332_1.ppm
156.21074422200522, 00941_1.ppm
128.01887003580728, 00253_1.ppm
124.15607198079427, 00517_1.ppm
140.3942616780599, 00549_4.ppm
126.9944585164388, 00809_3.ppm
161.27403259277344, 00622_1.ppm
149.2111562093099, 00744_6.ppm
118.28465270996094, 00626_3.ppm
74.60340118408203, 00856_1.ppm
115.45168813069661, 00093_8.ppm
119.81377410888672, 00136_2.ppm
158.43629201253256, 00877_2.ppm
141.6160659790039, 00513_2.ppm
130.32818094889322, 00674_2.ppm
143.50255076090494, 00203_1.ppm
61.21453857421875, 00669_2.ppm
79.20604705810547, 00821_3.ppm
147.13201395670572, 00268_4.ppm
125.57326761881511, 00313_2.ppm
142.35242970784506, 00237_2.ppm
93.01673634847005, 00485_3.ppm
125.28854878743489, 00286_4.ppm
141.74176534016928, 00617_1.ppm
135.49663289388022, 00335_1.ppm
156.16590881347656, 00711_6.ppm
128.8183797200521, 00740_2.ppm
141.87631225585938, 00520_3.ppm
153.9965565999349, 00636_1.ppm
103.02480570475261, 00091_2.ppm
158.45842997233072, 00964_1.ppm
110.3478520711263, 00133_1.ppm
150.1328608194987, 00146_9.ppm
140.72034708658853, 00428_2.ppm
110.31119028727214, 00537_3.ppm
139.18177541097006, 00620_1.ppm
123.15924072265625, 00626_2.ppm
107.77671813964844, 00090_2.ppm
128.11324055989584, 00450_2.ppm
44.48200988769531, 00851_1.ppm
127.86727905273438, 00390_2.ppm
125.66810353597005, 00215_2.ppm
139.16124471028647, 00639_2.ppm
136.80196126302084, 00575_2.ppm
116.38877360026042, 00397_2.ppm
111.32738240559895, 00163_2.ppm
105.13097381591797, 00176_1.ppm
125.40704854329427, 00585_1.ppm
122.23633321126302, 00397_1.ppm
124.14410400390625, 00308_1.ppm
134.24218241373697, 00745_5.ppm
139.5718231201172, 00217_2.ppm
107.15127563476562, 00074_2.ppm
96.16058349609375, 00728_4.ppm
120.4364013671875, 00114_2.ppm
151.21028900146484, 00890_2.ppm
87.54496510823567, 00142_2.ppm
98.8789291381836, 00782_2.ppm
124.41896565755208, 00680_2.ppm
130.4146270751953, 00994_2.ppm
91.09299214680989, 00846_4.ppm
151.67274475097656, 00362_1.ppm
115.86533864339192, 00769_4.ppm
106.18144989013672, 00177_1.ppm
122.3018290201823, 00944_1.ppm
135.0126724243164, 00815_1.ppm
139.1873016357422, 00019_1.ppm
152.18409729003906, 00518_1.ppm
134.66871643066406, 00709_2.ppm
141.04139963785806, 00517_4.ppm
129.9197998046875, 00261_2.ppm
123.77767690022786, 00752_6.ppm
166.15956115722656, 00898_2.ppm
147.54742940266928, 00720_3.ppm
130.0237833658854, 00413_2.ppm
158.78325653076172, 00194_2.ppm
108.55615234375, 00048_2.ppm
116.09793599446614, 00273_1.ppm
92.69172668457031, 00820_4.ppm
158.37582651774088, 00564_1.ppm
126.90392303466797, 00687_1.ppm
144.99638875325522, 00724_5.ppm
107.55113728841145, 00743_5.ppm
88.90116882324219, 00054_1.ppm
93.8171895345052, 01008_1.ppm
144.22454579671225, 00612_1.ppm
142.6788558959961, 00329_2.ppm
123.58441925048828, 00202_2.ppm
144.63006083170572, 00556_4.ppm
160.6800537109375, 00035_2.ppm
128.5817108154297, 00739_3.ppm
154.09612019856772, 00295_3.ppm
114.61244455973308, 00843_2.ppm
122.95877329508464, 00083_1.ppm
123.07291920979817, 00534_4.ppm
133.94008127848306, 00415_2.ppm
69.4966557820638, 00861_2.ppm
146.67477416992188, 00514_2.ppm
122.0941670735677, 00070_5.ppm
138.49578094482422, 00561_3.ppm
133.36600748697916, 00388_2.ppm
149.93002065022787, 00768_2.ppm
117.90055847167969, 00460_1.ppm
105.84112803141277, 00265_1.ppm
172.33729807535806, 00030_2.ppm
166.50633494059244, 00737_4.ppm
131.00332387288412, 00981_2.ppm
77.96568806966145, 00874_2.ppm
132.38846333821616, 00248_2.ppm
123.13195037841797, 00476_1.ppm
164.49549865722656, 00469_2.ppm
147.35717010498047, 00646_1.ppm
114.09758758544922, 00163_1.ppm
182.05023193359375, 00531_5.ppm
122.88704681396484, 00708_5.ppm
137.8051325480143, 00556_7.ppm
153.2101287841797, 00935_2.ppm
143.26299794514975, 00779_1.ppm
130.43009440104166, 00442_2.ppm
142.40804799397787, 00501_4.ppm
119.82855478922527, 00758_4.ppm
119.633056640625, 00647_1.ppm
157.61422220865884, 00772_6.ppm
118.42540232340495, 00170_2.ppm
125.7071304321289, 00259_1.ppm
124.13868459065755, 00276_2.ppm
126.44867451985677, 00294_3.ppm
129.93521626790366, 01001_1.ppm
126.57448832194011, 00746_4.ppm
135.17764536539713, 00383_5.ppm
144.02179209391275, 00529_2.ppm
121.39496103922527, 00180_1.ppm
64.16671752929688, 00818_1.ppm
118.78631083170573, 00065_1.ppm
73.36238098144531, 00823_3.ppm
115.2485860188802, 00576_1.ppm
169.0073267618815, 00604_3.ppm
159.0258331298828, 00714_2.ppm
139.05303955078125, 00547_4.ppm
128.07492065429688, 00664_1.ppm
167.9400634765625, 00934_1.ppm
120.76674906412761, 00184_3.ppm
163.75450642903647, 00383_8.ppm
133.4333724975586, 00263_1.ppm
120.84206644694011, 00758_3.ppm
46.68997701009115, 00842_2.ppm
115.92264302571614, 00071_2.ppm
185.10170237223306, 00751_6.ppm
140.84950002034506, 00719_2.ppm
154.45911916097006, 00968_1.ppm
135.5845184326172, 00778_2.ppm
135.08057657877603, 00755_2.ppm
115.52803039550781, 00246_2.ppm
150.40230814615884, 00024_2.ppm
158.83868153889975, 00070_8.ppm
151.3360799153646, 00298_1.ppm
69.66128794352214, 00827_1.ppm
136.2648951212565, 00081_3.ppm
77.35420227050781, 00849_2.ppm
117.98660532633464, 00461_1.ppm
146.84829457600912, 00081_1.ppm
152.12097930908203, 00797_2.ppm
143.1794204711914, 00498_2.ppm
112.49379475911458, 00454_1.ppm
104.49582163492839, 00451_1.ppm
141.52855682373047, 00157_6.ppm
138.4166259765625, 00472_4.ppm
127.82359568277995, 00394_1.ppm
124.12111409505208, 00406_1.ppm
148.5469538370768, 00570_3.ppm
82.19145965576172, 00854_1.ppm
173.04461669921875, 00468_8.ppm
115.50880432128906, 00023_2.ppm
129.94155883789062, 00805_2.ppm
112.23365783691406, 00990_1.ppm
113.3673095703125, 00093_4.ppm
108.9893569946289, 00117_2.ppm
123.75093587239583, 00565_3.ppm
145.07369740804037, 00595_1.ppm
158.70994313557944, 00732_8.ppm
129.21248626708984, 00247_4.ppm
118.48760986328125, 00707_3.ppm
143.15778096516928, 00942_2.ppm
121.99779001871745, 00465_2.ppm
130.76268513997397, 00208_1.ppm
100.36282857259114, 00725_4.ppm
168.67296854654947, 00811_1.ppm
114.60067494710286, 00398_2.ppm
134.65951792399088, 00753_1.ppm
151.98458353678384, 00362_2.ppm
169.55680084228516, 00672_2.ppm
157.5511042277018, 00968_2.ppm
113.43866221110027, 00537_2.ppm
120.21358235677083, 00029_17.ppm
129.6703364054362, 00481_4.ppm
131.42335255940756, 00233_2.ppm
166.93702952067056, 00766_2.ppm
132.339599609375, 00019_2.ppm
150.89346822102866, 00716_1.ppm
124.55422719319661, 00635_2.ppm
80.15995025634766, 00003_8.ppm
122.2573750813802, 00816_4.ppm
130.97876993815103, 00726_4.ppm
120.85977427164714, 00002_5.ppm
124.03029886881511, 00746_1.ppm
120.86963907877605, 00389_2.ppm
151.9267349243164, 00499_2.ppm
137.7182871500651, 00618_3.ppm
133.14710235595703, 00477_4.ppm
163.78750864664713, 00931_2.ppm
148.0404256184896, 00751_5.ppm
134.789670308431, 00310_2.ppm
105.6666971842448, 00745_4.ppm
153.0406290690104, 00894_3.ppm
168.7640609741211, 00908_1.ppm
115.00120544433594, 00354_1.ppm
125.54257710774739, 00991_1.ppm
128.6229502360026, 00532_4.ppm
84.81104278564453, 00867_2.ppm
142.78296915690103, 00475_4.ppm
124.77244059244792, 00309_1.ppm
125.06243133544922, 00364_2.ppm
150.68712615966797, 00757_2.ppm
73.55595397949219, 00833_2.ppm
114.9800313313802, 00230_1.ppm
124.59188588460286, 00289_2.ppm
128.22818247477213, 00151_1.ppm
125.37865702311198, 00155_1.ppm
121.60904693603516, 00993_2.ppm
165.25970967610678, 00804_1.ppm
124.43458557128906, 00371_3.ppm
132.5684585571289, 00736_1.ppm
133.761474609375, 00746_2.ppm
131.08868408203125, 00149_1.ppm
104.23070271809895, 00243_1.ppm
131.13796742757162, 00438_2.ppm
134.15840657552084, 00717_1.ppm
133.87979125976562, 00269_4.ppm
143.27221171061197, 00792_2.ppm
161.09270985921225, 00775_3.ppm
115.88299814860027, 00043_1.ppm
148.38310750325522, 00802_1.ppm
133.02373504638672, 00481_3.ppm
141.3148930867513, 00690_2.ppm
102.63392893473308, 00480_1.ppm
146.7850824991862, 00223_1.ppm
126.41993459065755, 00809_4.ppm
124.62895965576172, 00146_2.ppm
135.79553731282553, 00472_6.ppm
110.3715108235677, 00056_2.ppm
155.19141642252603, 00804_3.ppm
141.13710021972656, 00235_1.ppm
122.0977554321289, 00713_4.ppm
148.19273630777994, 00509_3.ppm
130.42770131429037, 00403_2.ppm
160.0564193725586, 00285_2.ppm
152.4151128133138, 00884_1.ppm
142.0733642578125, 00720_2.ppm
104.02023824055989, 00718_2.ppm
114.57536061604817, 00002_10.ppm
138.3531265258789, 00789_3.ppm
67.63001759847005, 00825_2.ppm
133.62183634440103, 00097_1.ppm
67.21339925130208, 00875_2.ppm
95.35304768880208, 00109_2.ppm
163.66897328694662, 00957_2.ppm
114.92445627848308, 00108_1.ppm
155.86505126953125, 00903_3.ppm
90.29134877522786, 00661_1.ppm
134.26947021484375, 00730_4.ppm
136.64081573486328, 00216_2.ppm
117.31954701741536, 00568_1.ppm
130.30333455403647, 00308_2.ppm
152.69859059651694, 00247_3.ppm
136.807004292806, 00192_2.ppm
92.05252583821614, 00480_2.ppm
156.91030883789062, 00955_2.ppm
127.19103749593098, 00752_1.ppm
138.9912897745768, 00512_1.ppm
118.33308410644531, 00739_1.ppm
128.2910639444987, 00650_1.ppm
130.2523981730143, 00590_2.ppm
132.46649169921875, 00233_1.ppm
131.56880950927734, 00119_2.ppm
98.45329030354817, 00648_1.ppm
98.82739766438802, 00290_1.ppm
136.51063283284506, 00811_3.ppm
161.99270884195963, 00508_1.ppm
120.3089599609375, 00574_1.ppm
123.53356679280598, 00669_4.ppm
144.4488957722982, 00974_1.ppm
153.47906748453775, 00930_2.ppm
147.53163401285806, 00522_1.ppm
108.43298594156902, 00444_1.ppm
152.58009084065756, 00887_2.ppm
106.76262664794922, 00157_1.ppm
130.84709676106772, 00286_2.ppm
133.336545308431, 00502_4.ppm
89.58690643310547, 00984_1.ppm
108.71333821614583, 00027_1.ppm
161.04248555501303, 00553_1.ppm
148.45357513427734, 00336_2.ppm
117.52368418375652, 00722_6.ppm
139.18212127685547, 00196_1.ppm
152.3833236694336, 00550_1.ppm
137.84460957845053, 00070_11.ppm
136.25363159179688, 00019_5.ppm
125.26223500569661, 00606_2.ppm
134.50975036621094, 00333_1.ppm
108.34619140625, 00483_2.ppm
136.53996785481772, 00063_2.ppm
119.34054565429688, 00414_3.ppm
121.40729522705078, 00668_1.ppm
126.1787109375, 00260_1.ppm
128.94100189208984, 01010_1.ppm
127.34188079833984, 00663_2.ppm
136.46705118815103, 00500_1.ppm
143.48932393391928, 00513_4.ppm
106.04404703776042, 00062_1.ppm
73.77742004394531, 00019_6.ppm
93.23566436767578, 00846_3.ppm
118.09496561686198, 00525_1.ppm
105.12786356608073, 00500_4.ppm
153.8215764363607, 00719_3.ppm
141.9851277669271, 00472_2.ppm
154.81334177652994, 00763_1.ppm
119.59760284423828, 00071_4.ppm
152.57191212972006, 00102_1.ppm
168.88319142659506, 00918_1.ppm
139.3861567179362, 00492_3.ppm
155.4147211710612, 00594_6.ppm
145.1351064046224, 00157_4.ppm
123.34965006510417, 00174_2.ppm
126.25325012207031, 00427_2.ppm
156.0597178141276, 00526_1.ppm
117.10782877604167, 00495_4.ppm
132.51246134440103, 00712_3.ppm
115.94795735677083, 00182_8.ppm
132.8305867513021, 00599_1.ppm
113.86539459228516, 00410_2.ppm
140.64739735921225, 00691_2.ppm
136.7400334676107, 00951_1.ppm
134.16454569498697, 00722_2.ppm
157.90202840169272, 00604_2.ppm
173.04731241861978, 00919_2.ppm
152.7048594156901, 00909_1.ppm
135.73383585611978, 00320_1.ppm
119.07366434733073, 00314_1.ppm
148.6337407430013, 00343_2.ppm
141.83710479736328, 00416_2.ppm
138.29610697428384, 00735_3.ppm
147.9559555053711, 01207_1.ppm
138.55901336669922, 00584_1.ppm
112.6844965616862, 00408_2.ppm
131.90299479166666, 00965_2.ppm
145.95735677083334, 00758_1.ppm
124.8477071126302, 00287_3.ppm
113.40917714436848, 00405_1.ppm
140.97315470377603, 00614_4.ppm
161.99893188476562, 00743_2.ppm
174.4325968424479, 00919_1.ppm
129.793212890625, 00140_1.ppm
160.63771057128906, 00563_1.ppm
99.96022288004558, 00862_1.ppm
120.03438313802083, 00380_1.ppm
103.11218007405598, 00150_1.ppm
73.82553609212239, 00853_1.ppm
166.7275136311849, 00913_2.ppm
118.89612325032552, 00318_1.ppm
120.08347574869792, 00510_1.ppm
115.39967854817708, 00209_2.ppm
156.2773183186849, 00217_1.ppm
177.14496866861978, 00761_8.ppm
135.62116495768228, 00812_2.ppm
157.64646657307944, 00706_7.ppm
131.96733601888022, 00003_6.ppm
136.46926879882812, 00599_2.ppm
104.2507095336914, 00448_2.ppm
111.28998311360677, 00411_1.ppm
106.49979146321614, 00543_2.ppm
133.17462412516275, 00002_9.ppm
121.25733184814453, 00187_2.ppm
125.72498830159505, 00017_2.ppm
127.80070241292317, 00038_3.ppm
167.62803649902344, 00761_1.ppm
100.18532307942708, 00548_1.ppm
135.7719523111979, 00283_5.ppm
145.8142064412435, 00355_2.ppm
74.99631754557292, 00866_2.ppm
124.19094594319661, 00532_2.ppm
102.64489491780598, 00076_1.ppm
124.24170176188152, 00487_1.ppm
133.39812469482422, 00698_2.ppm
115.57865651448567, 00101_2.ppm
103.70574696858723, 00706_2.ppm
144.88982391357422, 00659_2.ppm
110.61532592773438, 00210_1.ppm
132.4639155069987, 00334_2.ppm
149.19379425048828, 00029_11.ppm
129.8500493367513, 00776_1.ppm
68.00059254964192, 00866_4.ppm
137.50398763020834, 00513_3.ppm
110.81930796305339, 00071_5.ppm
131.73111470540366, 00637_1.ppm
106.9775899251302, 00029_4.ppm
135.61459096272787, 00677_2.ppm
137.7124048868815, 00341_1.ppm
126.17034912109375, 00310_1.ppm
154.6598103841146, 00042_1.ppm
127.20175679524739, 00956_1.ppm
119.23863983154297, 00711_5.ppm
160.46074676513672, 00770_4.ppm
150.45438639322916, 00625_2.ppm
96.63411966959636, 00548_4.ppm
64.9515151977539, 00669_6.ppm
119.32380676269531, 00200_1.ppm
132.1573918660482, 00807_3.ppm
123.90180969238281, 00108_5.ppm
106.12963612874348, 00495_3.ppm
134.64427947998047, 00584_4.ppm
164.54694112141928, 00888_1.ppm
159.68122355143228, 00932_2.ppm
124.5051981608073, 00280_1.ppm
147.42557779947916, 00580_2.ppm
143.06654103597006, 00315_1.ppm
148.57813008626303, 00605_4.ppm
78.22363535563152, 00869_2.ppm
157.3517862955729, 00938_1.ppm
134.26743825276694, 00335_2.ppm
94.39251708984375, 00838_2.ppm
124.27392832438152, 00780_1.ppm
74.23384094238281, 00828_1.ppm
68.70799763997395, 00848_1.ppm
75.59569295247395, 00834_2.ppm
134.21000162760416, 00557_1.ppm
177.22235870361328, 00923_2.ppm
135.04898325602213, 00800_1.ppm
110.4755121866862, 00157_5.ppm
146.29387410481772, 00706_8.ppm
102.10744984944661, 00506_2.ppm
139.88428243001303, 00527_2.ppm
157.8629353841146, 00474_3.ppm
93.59011332194011, 00137_2.ppm
119.31859842936198, 00543_3.ppm
151.62635803222656, 00003_3.ppm
154.05255381266275, 00898_1.ppm
118.88233439127605, 00679_2.ppm
139.11729431152344, 00962_2.ppm
146.1940663655599, 00747_2.ppm
131.5604451497396, 00029_5.ppm
173.510622660319, 00722_1.ppm
127.04048411051433, 00608_2.ppm
124.34445699055989, 00094_2.ppm
147.92621103922525, 01011_1.ppm
120.15455373128255, 00953_2.ppm
175.08633168538412, 00766_6.ppm
144.16093953450522, 00797_1.ppm
145.99279276529947, 00891_2.ppm
88.322265625, 00154_4.ppm
116.73041534423828, 00086_4.ppm
138.8404083251953, 00561_1.ppm
137.51747131347656, 00768_1.ppm
158.21744283040366, 00361_2.ppm
121.5850346883138, 00229_1.ppm
75.93742116292317, 00829_4.ppm
127.14248657226562, 00539_1.ppm
162.7574895222982, 00941_2.ppm
120.40225219726562, 00045_1.ppm
117.13616434733073, 00116_1.ppm
83.4199956258138, 00850_1.ppm
134.25850677490234, 00618_1.ppm
122.1349105834961, 00687_2.ppm
132.8032251993815, 00019_7.ppm
122.61783091227214, 00598_1.ppm
129.63385264078775, 00482_1.ppm
83.17057291666667, 00719_1.ppm
145.35379282633463, 00580_1.ppm
124.18073018391927, 00937_1.ppm
117.03241729736328, 00571_2.ppm
129.04193623860678, 00566_4.ppm
117.66045888264973, 00971_2.ppm
109.09660339355469, 00059_2.ppm
153.0170110066732, 00807_2.ppm
112.46199289957683, 00559_2.ppm
137.99529266357422, 00297_2.ppm
170.9225845336914, 00895_2.ppm
112.95918782552083, 00392_1.ppm
108.13372294108073, 00705_2.ppm
122.75698343912761, 00508_3.ppm
121.96522267659505, 00476_2.ppm
111.96383412679036, 00058_2.ppm
123.66537221272786, 00598_2.ppm
130.61429850260416, 00185_2.ppm
129.28958384195963, 00150_4.ppm
98.86284637451172, 00630_1.ppm
146.91434478759766, 00638_2.ppm
140.68072764078775, 00554_2.ppm
113.74753824869792, 00548_3.ppm
150.51981353759766, 00295_2.ppm
171.34544118245444, 00672_1.ppm
165.46732584635416, 00911_2.ppm
119.87716166178386, 00340_4.ppm
140.0328826904297, 00318_2.ppm
137.9606450398763, 00402_2.ppm
119.60869598388672, 00189_2.ppm
180.6505889892578, 00781_3.ppm
120.74290974934895, 00006_4.ppm
137.57042439778647, 00520_1.ppm
175.41246795654297, 00908_2.ppm
94.60964457194011, 00717_3.ppm
120.58760579427083, 00189_1.ppm
138.6696014404297, 00604_4.ppm
146.0864995320638, 00298_2.ppm
139.40362294514975, 00195_2.ppm
120.21201578776042, 00967_1.ppm
160.57146453857422, 00955_1.ppm
101.37584177652995, 00026_4.ppm
124.72825368245442, 00029_9.ppm
139.22232564290366, 00235_2.ppm
87.00076293945312, 00841_2.ppm
151.9339828491211, 00514_4.ppm
151.08617655436197, 00604_6.ppm
130.14206186930338, 00417_1.ppm
92.5478998819987, 00485_2.ppm
101.23395538330078, 00671_1.ppm
146.94033559163412, 00977_1.ppm
140.8918914794922, 00659_1.ppm
125.70901234944661, 00532_3.ppm
148.0741221110026, 00329_1.ppm
126.89913177490234, 00182_1.ppm
124.29824829101562, 00538_4.ppm
108.10340881347656, 00392_2.ppm
144.9616902669271, 00960_1.ppm
66.14552815755208, 00844_2.ppm
126.74381764729817, 00642_1.ppm
149.66348520914713, 00488_2.ppm
114.73099772135417, 00666_2.ppm
142.61123657226562, 00555_1.ppm
136.47026570638022, 00546_4.ppm
94.94115193684895, 00762_4.ppm
128.4152806599935, 00007_1.ppm
139.98348236083984, 00522_3.ppm
129.64080047607422, 00920_2.ppm
128.3064982096354, 00029_19.ppm
137.030517578125, 00643_1.ppm
145.78960673014322, 00533_4.ppm
144.69151051839194, 00343_3.ppm
154.84008026123047, 00743_4.ppm
137.2281494140625, 01002_2.ppm
109.84317525227864, 00152_2.ppm
116.07971954345703, 00668_2.ppm
130.63223266601562, 00347_2.ppm
130.12152608235678, 00616_4.ppm
122.65071360270183, 00497_2.ppm
124.71315511067708, 00164_2.ppm
115.06697336832683, 00101_1.ppm
134.37962595621744, 00183_1.ppm
145.51824951171875, 00711_7.ppm
186.14190673828125, 00744_5.ppm
101.87424723307292, 01007_1.ppm
126.96266682942708, 00411_2.ppm
140.5501454671224, 00658_2.ppm
127.0683085123698, 00164_1.ppm
70.22859954833984, 00839_2.ppm
119.19756571451823, 00774_1.ppm
45.57573445638021, 00851_2.ppm
133.17235310872397, 00578_2.ppm
170.9377187093099, 00501_3.ppm
118.69595336914062, 00794_5.ppm
105.34778086344402, 00504_1.ppm
148.5889155069987, 00467_2.ppm
110.29276529947917, 00660_6.ppm
118.51728057861328, 00378_2.ppm
150.84581756591797, 00577_1.ppm
112.78851572672527, 00426_2.ppm
99.52455393473308, 00779_4.ppm
156.57534790039062, 00473_2.ppm
101.91558074951172, 00104_1.ppm
113.83166249593098, 00510_2.ppm
139.4250284830729, 00557_2.ppm
180.02989196777344, 00761_5.ppm
137.58589680989584, 00255_2.ppm
163.4453608194987, 00714_4.ppm
140.2388153076172, 00592_2.ppm
134.82164764404297, 00384_2.ppm
131.1478703816732, 00179_2.ppm
124.06002553304036, 00153_2.ppm
136.65924580891928, 00326_4.ppm
83.32261912027995, 00838_1.ppm
103.40699005126953, 00085_1.ppm
153.07405853271484, 00660_5.ppm
146.98461405436197, 00900_3.ppm
118.53350575764973, 00771_1.ppm
123.10697428385417, 00086_3.ppm
124.51333618164062, 00083_2.ppm
85.09124247233073, 00847_2.ppm
127.50261688232422, 00038_4.ppm
70.28550974527995, 00823_4.ppm
112.66048177083333, 00122_2.ppm
66.66407267252605, 00283_1.ppm
117.97666676839192, 00182_5.ppm
110.17843373616536, 00770_6.ppm
133.14748891194662, 00611_4.ppm
122.26312764485677, 00095_1.ppm
141.9024429321289, 00029_21.ppm
96.37206776936848, 00080_2.ppm
155.34409840901694, 00972_1.ppm
107.22278849283855, 00344_2.ppm
130.93589528401694, 00732_5.ppm
123.90538787841797, 00271_1.ppm
136.55494435628256, 00123_2.ppm
110.9545160929362, 00728_1.ppm
115.30764770507812, 00484_1.ppm
123.80347188313802, 00609_2.ppm
76.15252685546875, 00821_2.ppm
107.39129638671875, 00789_1.ppm
175.07462056477866, 00710_4.ppm
110.08391571044922, 00157_2.ppm
122.77611796061198, 00455_2.ppm
146.28742218017578, 00960_2.ppm
90.9247817993164, 00013_1.ppm
107.00218963623047, 00469_5.ppm
114.32828013102214, 00541_2.ppm
70.39852396647136, 00848_2.ppm
141.89564259847006, 00021_1.ppm
109.92489624023438, 00086_1.ppm
130.5645523071289, 00283_7.ppm
169.37163543701172, 00928_2.ppm
126.0344950358073, 00338_4.ppm
105.13695526123047, 00312_2.ppm
158.63050842285156, 00526_2.ppm
108.73795572916667, 00398_1.ppm
166.5967000325521, 00256_4.ppm
111.22339375813802, 00721_4.ppm
72.59381612141927, 00825_1.ppm
108.00132242838542, 00434_1.ppm
141.83736165364584, 00361_1.ppm
78.40987396240234, 00588_5.ppm
140.55212910970053, 00569_2.ppm
136.52753448486328, 00676_2.ppm
114.1311543782552, 00418_1.ppm
116.77023569742839, 00417_2.ppm
141.72351582845053, 00961_1.ppm
137.3071263631185, 00673_1.ppm
84.57066090901692, 00831_2.ppm
130.52975209554037, 00470_4.ppm
137.30672709147134, 00424_1.ppm
144.60801442464194, 00626_4.ppm
157.93008422851562, 00732_1.ppm
180.9435272216797, 00724_1.ppm
69.04673767089844, 00819_2.ppm
109.63668823242188, 00712_1.ppm
134.3241958618164, 00735_1.ppm
148.32927449544272, 00469_4.ppm
100.82503255208333, 00725_2.ppm
135.8478978474935, 00936_1.ppm
115.73879496256511, 00381_1.ppm
135.89862060546875, 00706_6.ppm
114.25786844889323, 00057_1.ppm
158.7862345377604, 00008_2.ppm
121.9585469563802, 00439_1.ppm
143.95411427815756, 00583_1.ppm
120.4876480102539, 00098_1.ppm
135.30628712972006, 00269_1.ppm
146.3148193359375, 00660_7.ppm
100.58086903889973, 00067_1.ppm
115.10826365152995, 00436_2.ppm
132.23609415690103, 00284_2.ppm
74.88363393147786, 00869_1.ppm
111.12105560302734, 00122_1.ppm
158.39256286621094, 00642_4.ppm
141.56155141194662, 00547_6.ppm
123.4154790242513, 00050_2.ppm
140.01096852620444, 00616_3.ppm
92.45600891113281, 00245_2.ppm
117.83362833658855, 00135_2.ppm
109.5124028523763, 00062_2.ppm
132.77205912272134, 00425_1.ppm
117.32928975423177, 00436_1.ppm
137.63121795654297, 00596_3.ppm
138.49187469482422, 00019_4.ppm
183.15354665120444, 00744_3.ppm
157.33023579915366, 00722_5.ppm
103.54269663492839, 00715_1.ppm
151.86561075846353, 00118_2.ppm
111.8723882039388, 00082_2.ppm
123.70647684733073, 00943_1.ppm
100.64864857991536, 00160_1.ppm
112.33636474609375, 00092_1.ppm
149.4347661336263, 00167_2.ppm
77.99313354492188, 00070_3.ppm
130.61875915527344, 00281_2.ppm
106.08059692382812, 00365_2.ppm
144.90943400065103, 00716_3.ppm
136.86433919270834, 00471_2.ppm
124.88105010986328, 00036_1.ppm
121.86290740966797, 00940_2.ppm
117.81563059488933, 00810_1.ppm
92.10678609212239, 00137_1.ppm
156.7105255126953, 00710_6.ppm
145.2033665974935, 00322_1.ppm
132.7448298136393, 00564_2.ppm
143.09551747639975, 00638_3.ppm
170.51010131835938, 00886_1.ppm
116.44808451334636, 00708_6.ppm
124.494873046875, 00422_1.ppm
126.51544698079427, 00182_2.ppm
132.27042134602866, 00097_2.ppm
125.51122283935547, 00342_1.ppm
89.6182861328125, 00846_2.ppm
149.09143575032553, 00982_1.ppm
123.48321024576823, 00225_2.ppm
118.13277435302734, 00291_1.ppm
120.05063374837239, 00507_4.ppm
128.7635243733724, 00294_4.ppm
153.4809366861979, 00562_4.ppm
107.26407114664714, 00712_4.ppm
119.0203348795573, 00180_2.ppm
162.6265106201172, 00035_1.ppm
118.9491958618164, 00375_2.ppm
165.31800842285156, 00714_3.ppm
140.97940572102866, 00715_3.ppm
131.50189463297525, 00465_1.ppm
102.29641469319661, 00076_2.ppm
153.99388631184897, 00903_2.ppm
150.75222778320312, 00771_3.ppm
148.38452657063803, 00792_1.ppm
144.46098836263022, 00005_3.ppm
117.80665588378906, 00264_1.ppm
116.30128224690755, 00340_2.ppm
138.45162455240884, 00070_1.ppm
116.54172770182292, 00041_1.ppm
147.0886255900065, 00780_4.ppm
135.81566619873047, 00765_1.ppm
108.52666473388672, 00729_2.ppm
152.88405100504556, 00708_2.ppm
121.90515899658203, 00453_4.ppm
97.17823028564453, 00141_1.ppm
138.32419077555338, 00014_2.ppm
102.11659749348958, 00706_5.ppm
130.33170064290366, 00327_1.ppm
72.29166920979817, 00866_3.ppm
132.14977518717447, 00432_2.ppm
98.19078826904297, 00762_3.ppm
126.05595143636067, 00803_1.ppm
169.674196879069, 00882_1.ppm
140.73282114664713, 00331_2.ppm
138.17655436197916, 01004_2.ppm
122.2434310913086, 00978_1.ppm
116.9758071899414, 00184_4.ppm
141.4614690144857, 00331_1.ppm
159.56211853027344, 00129_1.ppm
137.2884724934896, 00690_1.ppm
111.7673848470052, 00103_2.ppm
102.37266540527344, 00662_2.ppm
131.1398493448893, 00252_2.ppm
138.7646255493164, 00452_2.ppm
150.89173889160156, 00621_4.ppm
149.54021962483725, 00713_2.ppm
133.41270955403647, 00316_1.ppm
155.34080759684244, 00641_2.ppm
98.92401377360027, 00211_1.ppm
162.94803110758463, 00705_6.ppm
110.62567901611328, 00665_2.ppm
170.88490295410156, 00121_1.ppm
146.59972127278647, 00016_1.ppm
162.66810353597006, 00958_1.ppm
146.1566645304362, 00112_1.ppm
128.06851450602213, 00268_2.ppm
126.34673309326172, 00421_1.ppm
141.2913335164388, 00634_1.ppm
113.63736724853516, 00978_2.ppm
144.85970052083334, 00692_2.ppm
144.57744344075522, 00964_2.ppm
123.92461903889973, 00089_2.ppm
152.98603057861328, 00793_1.ppm
140.4211451212565, 00706_4.ppm
150.65084075927734, 00945_2.ppm
128.99966430664062, 00449_1.ppm
108.60624186197917, 00418_2.ppm
143.266970316569, 00299_1.ppm
100.90757751464844, 00781_4.ppm
136.56698354085287, 00428_1.ppm
159.96346028645834, 00772_1.ppm
131.50428517659506, 00691_1.ppm
127.20543162027995, 00383_7.ppm
170.79840087890625, 00912_2.ppm
127.31986999511719, 00156_2.ppm
135.8133544921875, 00581_2.ppm
143.00040435791016, 00203_2.ppm
82.84308624267578, 00874_1.ppm
136.68535359700522, 00756_1.ppm
139.5761286417643, 00657_2.ppm
128.12633005777994, 00736_2.ppm
108.09084828694661, 00136_1.ppm
138.18826802571616, 00364_1.ppm
125.93277231852214, 00470_2.ppm
121.62726593017578, 00648_3.ppm
136.16883341471353, 00799_1.ppm
168.46548207600912, 00761_6.ppm
165.13275909423828, 00032_1.ppm
132.99626922607422, 00231_1.ppm
144.9213104248047, 00737_2.ppm
124.26784769694011, 00780_2.ppm
170.2545623779297, 00781_1.ppm
176.22725423177084, 00809_5.ppm
79.639404296875, 00847_1.ppm
138.6488494873047, 00969_1.ppm
137.14001973470053, 00620_2.ppm
117.47146860758464, 00354_2.ppm
139.95428975423178, 00272_2.ppm
77.61097462972005, 00868_1.ppm
181.5596720377604, 00711_8.ppm
120.9943110148112, 00200_2.ppm
104.42684682210286, 00725_1.ppm
134.06803131103516, 00333_2.ppm
118.54204813639323, 00734_1.ppm
93.19835662841797, 00731_2.ppm
132.77865346272787, 00621_3.ppm
100.72088114420573, 00267_1.ppm
65.78115590413411, 00863_2.ppm
137.3531926472982, 00611_3.ppm
156.6120834350586, 00251_2.ppm
110.5980224609375, 00079_2.ppm
97.51221720377605, 00506_4.ppm
134.77130381266275, 00371_2.ppm
149.2418441772461, 00552_1.ppm
151.45159657796225, 00118_1.ppm
77.05466206868489, 00849_1.ppm
119.10940043131511, 00619_2.ppm
143.7276153564453, 00598_3.ppm
126.63318634033203, 00459_1.ppm
137.3956553141276, 00632_1.ppm
155.36724853515625, 00579_3.ppm
132.2687759399414, 00303_1.ppm
164.71993255615234, 00770_1.ppm
125.7470219930013, 00006_1.ppm
99.84023793538411, 00145_2.ppm
94.88492329915364, 00447_1.ppm
100.91478220621745, 00506_1.ppm
134.46561177571616, 00715_4.ppm
100.39028422037761, 00589_2.ppm
133.40561167399088, 00435_1.ppm
130.1539535522461, 00615_1.ppm
135.45757802327475, 00325_1.ppm
163.67120615641275, 00787_1.ppm
173.57439422607422, 00108_6.ppm
122.37606302897136, 00489_2.ppm
107.26353963216145, 00020_3.ppm
146.59885915120444, 00188_2.ppm
143.3741022745768, 00894_4.ppm
127.33820343017578, 00684_1.ppm
124.38611094156902, 00774_3.ppm
139.5319569905599, 00509_1.ppm
129.90606435139975, 00470_3.ppm
72.56996409098308, 00870_1.ppm
122.70998128255208, 00653_1.ppm
159.33417002360025, 00910_2.ppm
115.79231262207031, 00484_2.ppm
90.8430658976237, 00144_2.ppm
137.9988021850586, 00783_2.ppm
104.8846944173177, 00458_2.ppm
122.55825805664062, 00556_3.ppm
132.72191874186197, 00357_1.ppm
125.95101165771484, 00539_2.ppm
84.73886108398438, 00072_1.ppm
135.30982462565103, 00561_2.ppm
123.8622055053711, 00288_2.ppm
148.15942891438803, 00028_5.ppm
143.0183563232422, 00602_1.ppm
140.98837025960287, 00123_1.ppm
133.47232818603516, 00029_12.ppm
119.36975606282552, 00386_1.ppm
142.00443522135416, 00623_1.ppm
132.2260258992513, 00280_2.ppm
95.8513921101888, 00407_1.ppm
95.07037353515625, 00837_2.ppm
195.20570373535156, 00705_5.ppm
134.5500005086263, 00192_1.ppm
117.9932123819987, 00002_3.ppm
126.02681986490886, 00655_1.ppm
78.53738149007161, 00835_1.ppm
147.60257466634116, 00401_1.ppm
152.88491821289062, 00705_3.ppm
140.243896484375, 00088_2.ppm
124.52730814615886, 00153_1.ppm
134.49724324544272, 00349_1.ppm
141.09745279947916, 00348_1.ppm
130.44983673095703, 00309_2.ppm
134.80124155680338, 00477_2.ppm
144.32950337727866, 00501_2.ppm
101.88790893554688, 00254_3.ppm
134.70464324951172, 00502_2.ppm
150.31961313883463, 00469_7.ppm
129.1130828857422, 00683_1.ppm
132.6725336710612, 00666_1.ppm
137.43645985921225, 00488_4.ppm
73.02570343017578, 00833_1.ppm
150.5130182902018, 00976_1.ppm
82.8218485514323, 00835_2.ppm
97.1913579305013, 00254_1.ppm
133.17633819580078, 00988_2.ppm
137.1065419514974, 00241_2.ppm
161.07497914632162, 00547_3.ppm
138.99298604329428, 00335_3.ppm
148.14187622070312, 00814_2.ppm
97.95440419514973, 00682_1.ppm
107.52076466878255, 00703_3.ppm
145.75338745117188, 00186_1.ppm
128.56366729736328, 00096_2.ppm
128.97020467122397, 00521_1.ppm
106.34986368815105, 00029_15.ppm
151.0373077392578, 00198_1.ppm
161.3716583251953, 00768_4.ppm
101.27820078531902, 00457_1.ppm
160.66599782307944, 00360_1.ppm
131.24935404459634, 00396_1.ppm
165.79635111490884, 00622_3.ppm
73.18606313069661, 00823_1.ppm
113.8404769897461, 00730_5.ppm
124.29060872395833, 00168_1.ppm
176.767214457194, 00711_1.ppm
107.68286641438802, 00451_2.ppm
151.42422485351562, 00717_2.ppm
92.41910807291667, 00537_6.ppm
143.66067759195963, 00626_1.ppm
135.03028869628906, 00346_2.ppm
133.84939829508463, 00677_1.ppm
141.21862030029297, 00962_1.ppm
121.52384440104167, 00775_1.ppm
141.41923014322916, 00631_1.ppm
149.32796732584634, 00936_2.ppm
166.9111760457357, 00032_2.ppm
148.61986796061197, 00519_2.ppm
121.58606719970703, 00530_2.ppm
129.74257151285806, 00094_1.ppm
116.197265625, 01208_2.ppm
144.37452952067056, 00301_1.ppm
124.2497329711914, 00730_6.ppm
123.5589370727539, 00070_2.ppm
127.71422831217448, 00953_1.ppm
128.91468302408853, 00400_1.ppm
104.4264424641927, 00040_1.ppm
156.1122792561849, 00042_2.ppm
139.99408976236978, 00370_2.ppm
140.74959309895834, 00234_1.ppm
104.56960550944011, 00029_8.ppm
149.29888916015625, 00600_1.ppm
129.02904510498047, 00542_2.ppm
149.34977213541666, 00250_2.ppm
165.0658925374349, 00816_6.ppm
109.24689229329427, 00107_6.ppm
113.12502034505208, 00791_1.ppm
112.41025034586589, 00328_2.ppm
120.84095001220703, 00403_1.ppm
156.4668401082357, 00816_2.ppm
106.70976257324219, 00703_1.ppm
123.17373657226562, 01009_2.ppm
101.43885294596355, 00262_1.ppm
119.50723266601562, 00438_1.ppm
107.37309265136719, 00172_1.ppm
107.28562927246094, 00159_1.ppm
141.3806940714518, 00615_3.ppm
120.91857655843098, 00713_6.ppm
75.65953572591145, 00827_2.ppm
92.07635752360027, 00013_4.ppm
154.0227813720703, 00345_1.ppm
77.7832743326823, 00864_2.ppm
61.83511098225912, 00845_1.ppm
146.49579620361328, 00973_2.ppm
107.88532257080078, 00456_1.ppm
111.06851196289062, 00292_4.ppm
137.24392445882162, 00315_2.ppm
95.54133605957031, 00197_2.ppm
163.7983627319336, 00916_2.ppm
65.73798116048177, 00840_2.ppm
162.05779774983725, 00773_1.ppm
146.90203857421875, 00771_2.ppm
129.14398701985678, 00478_1.ppm
115.09786224365234, 00707_4.ppm
117.97197723388672, 00769_3.ppm
122.63185628255208, 00471_1.ppm
116.08356475830078, 00694_1.ppm
127.95125071207683, 00579_1.ppm
140.15206909179688, 00521_2.ppm
126.98452758789062, 00584_3.ppm
102.46042887369792, 00781_2.ppm
109.69924926757812, 00020_2.ppm
151.9029286702474, 00720_6.ppm
128.01167805989584, 00029_1.ppm
115.77827707926433, 00571_1.ppm
124.73314666748047, 00374_1.ppm
128.83868662516275, 00721_1.ppm
128.25945027669272, 00987_1.ppm
108.77936299641927, 00020_4.ppm
51.85064188639323, 00029_10.ppm
149.00122578938803, 00966_2.ppm
135.2454071044922, 00283_4.ppm
150.59485371907553, 00402_1.ppm
145.41593170166016, 00347_1.ppm
144.73804728190103, 00234_2.ppm
162.0478998819987, 00933_1.ppm
154.82111358642578, 00002_4.ppm
102.5333480834961, 00267_2.ppm
147.61698150634766, 00562_2.ppm
158.75067138671875, 00938_2.ppm
126.75718943277995, 00305_1.ppm
165.59679667154947, 00531_2.ppm
173.66828155517578, 00809_6.ppm
146.13628387451172, 00223_2.ppm
166.10941569010416, 00907_2.ppm
122.07629903157552, 00383_2.ppm
123.9278793334961, 00738_1.ppm
143.98341623942056, 00646_2.ppm
138.71073150634766, 00516_4.ppm
145.44398244222006, 00195_1.ppm
127.5363998413086, 00667_2.ppm
146.4696833292643, 00519_5.ppm
89.7540283203125, 00485_4.ppm
143.38507080078125, 00237_1.ppm
80.4344965616862, 00820_2.ppm
88.09926096598308, 00003_1.ppm
111.29312642415364, 00576_2.ppm
134.09081268310547, 00594_2.ppm
68.5372085571289, 00819_1.ppm
142.32496388753256, 01003_2.ppm
156.0068817138672, 00564_3.ppm
138.5596694946289, 00750_5.ppm
128.73938751220703, 00652_2.ppm
150.65611521402994, 00322_2.ppm
140.70291392008463, 00268_6.ppm
144.01986948649088, 00794_6.ppm
148.05935414632162, 00890_1.ppm
128.06814320882162, 00188_1.ppm
118.82044474283855, 00679_1.ppm
144.65310923258463, 00488_1.ppm
98.3383560180664, 00728_3.ppm
109.66588338216145, 00172_2.ppm
138.5197728474935, 00552_2.ppm
143.58007049560547, 00486_4.ppm
109.62569173177083, 00408_1.ppm
123.14516957600911, 00273_2.ppm
128.67759958902994, 00033_2.ppm
109.5121332804362, 00029_22.ppm
126.66955312093098, 00371_1.ppm
130.60895792643228, 00465_4.ppm
128.0362345377604, 00468_1.ppm
122.00523122151692, 00302_1.ppm
122.62599436442058, 00336_1.ppm
125.14164479573567, 00286_3.ppm
108.63252766927083, 00043_2.ppm
128.22622934977213, 00236_1.ppm
136.00371297200522, 00570_2.ppm
115.73361206054688, 00256_2.ppm
125.60327402750652, 00045_2.ppm
125.28390502929688, 00083_3.ppm
161.7528533935547, 00125_2.ppm
138.20250956217447, 00391_1.ppm
101.3292465209961, 00446_1.ppm
90.86025492350261, 00191_1.ppm
126.98001098632812, 00017_1.ppm
164.75418599446616, 00950_2.ppm
141.29725392659506, 00597_2.ppm
139.0962702433268, 00587_2.ppm
121.79638417561848, 01000_2.ppm
138.4918467203776, 00813_2.ppm
171.40414683024088, 00039_2.ppm
146.4648412068685, 00547_5.ppm
151.82610066731772, 00767_1.ppm
127.38940938313802, 00462_3.ppm
140.54911295572916, 00339_2.ppm
68.81214904785156, 00828_2.ppm
123.2756576538086, 00006_3.ppm
110.65577443440755, 00469_8.ppm
132.3832219441732, 00208_2.ppm
95.10888926188152, 00073_2.ppm
118.2366205851237, 00086_2.ppm
149.17762502034506, 00295_4.ppm
119.23081970214844, 00737_1.ppm
148.75882720947266, 00519_3.ppm
77.69490305582683, 00864_1.ppm
142.0124969482422, 00600_4.ppm
116.28646341959636, 00686_1.ppm
129.81922403971353, 00140_3.ppm
122.20475260416667, 00766_5.ppm
135.96772257486978, 00110_1.ppm
120.81393941243489, 00533_2.ppm
137.1875966389974, 00587_1.ppm
167.93201446533203, 00816_1.ppm
130.00017293294272, 00453_1.ppm
127.23321533203125, 00585_2.ppm
133.7924321492513, 00496_2.ppm
132.96137491861978, 00627_4.ppm
133.67499542236328, 00946_2.ppm
153.8456548055013, 00722_8.ppm
151.90463256835938, 00102_2.ppm
183.01283009847006, 00705_1.ppm
136.28455352783203, 00031_1.ppm
113.42636617024739, 00081_4.ppm
135.70482126871744, 00214_1.ppm
170.14380900065103, 00770_5.ppm
180.1991984049479, 00882_2.ppm
64.61892954508464, 00852_2.ppm
154.96544901529947, 00797_3.ppm
128.30704498291016, 00095_2.ppm
136.68653361002603, 00657_1.ppm
137.6170654296875, 00545_3.ppm
122.7846908569336, 00302_2.ppm
115.79093678792317, 00212_1.ppm
112.4460932413737, 00769_2.ppm
160.83363596598306, 00816_5.ppm
138.26962280273438, 00021_2.ppm
128.56279500325522, 00546_3.ppm
112.25294748942058, 00154_3.ppm
116.77227783203125, 00093_2.ppm
86.1416244506836, 00820_3.ppm
138.26065063476562, 00536_1.ppm
152.35074106852213, 00499_1.ppm
133.58568572998047, 00555_2.ppm
108.35127766927083, 00483_1.ppm
76.69202931722005, 00868_2.ppm
104.35171254475911, 00090_1.ppm
129.67030080159506, 00219_1.ppm
120.87797037760417, 00491_3.ppm
109.5032246907552, 00165_2.ppm
143.671017964681, 00644_1.ppm
141.50675455729166, 00513_1.ppm
66.96837107340495, 00840_1.ppm
135.25076039632162, 00554_1.ppm
87.87274424235027, 00142_1.ppm
109.08628590901692, 00723_2.ppm
135.5276082356771, 00334_1.ppm
140.51510620117188, 00298_4.ppm
108.81413269042969, 00725_3.ppm
124.02653249104817, 00469_6.ppm
150.54144032796225, 00268_9.ppm
103.00198364257812, 00078_2.ppm
97.1622797648112, 00055_2.ppm
121.94556681315105, 01005_2.ppm
144.22762044270834, 00475_3.ppm
152.69481150309244, 00199_1.ppm
143.28489939371744, 00617_2.ppm
119.34522501627605, 00317_1.ppm
189.61830393473306, 00744_7.ppm
105.8497543334961, 00660_8.ppm
120.3636957804362, 00607_2.ppm
154.12210083007812, 00704_1.ppm
82.61686197916667, 00242_1.ppm
125.69136301676433, 00009_1.ppm
124.52358754475911, 00766_4.ppm
140.60871124267578, 00591_1.ppm
117.08764394124348, 00524_1.ppm
148.8451385498047, 00939_1.ppm
126.10544331868489, 00070_9.ppm
139.0177485148112, 00300_1.ppm
123.93990580240886, 00764_4.ppm
161.02645111083984, 00535_2.ppm
122.46280670166016, 00445_1.ppm
124.32288360595703, 00009_2.ppm
73.46801249186198, 00829_1.ppm
174.9797134399414, 00896_2.ppm
139.7838389078776, 00982_2.ppm
109.59129842122395, 00742_2.ppm
109.39642079671223, 00075_2.ppm
146.2951202392578, 00146_12.ppm
115.81922149658203, 00105_1.ppm
131.78641764322916, 00359_1.ppm
153.0747858683268, 00760_3.ppm
138.8580780029297, 01012_1.ppm
118.34232838948567, 00525_2.ppm
117.32920328776042, 00041_2.ppm
133.87981414794922, 00146_7.ppm
106.4158452351888, 00026_3.ppm
158.56424967447916, 00567_1.ppm
178.5863800048828, 00710_3.ppm
129.8871587117513, 00481_1.ppm
163.4595489501953, 00880_2.ppm
133.9155705769857, 00339_4.ppm
130.35818227132162, 00549_2.ppm
171.72967783610025, 00899_4.ppm
137.6597417195638, 00255_1.ppm
130.2296930948893, 00512_2.ppm
126.91790008544922, 00047_1.ppm
139.38043721516928, 00325_3.ppm
147.9607899983724, 00111_2.ppm
106.3348159790039, 00162_2.ppm
131.2210439046224, 00650_2.ppm
146.55428059895834, 01207_2.ppm
154.94327036539713, 00794_4.ppm
123.84614817301433, 00350_1.ppm
185.23687998453775, 00806_2.ppm
163.68814341227213, 00468_4.ppm
128.78433227539062, 00462_1.ppm
106.22884368896484, 00707_1.ppm
113.48648071289062, 00293_2.ppm
143.00263214111328, 00744_2.ppm
128.66351572672525, 00667_1.ppm
136.5963592529297, 00343_4.ppm
121.52650705973308, 00225_1.ppm
106.42384084065755, 00485_1.ppm
138.73023223876953, 00327_2.ppm
148.12869008382162, 00533_3.ppm
128.3203582763672, 00061_2.ppm
146.45384724934897, 00341_2.ppm
136.2337646484375, 00346_1.ppm
127.09315999348958, 00652_1.ppm
102.23313903808594, 00671_2.ppm
143.27907053629556, 00802_2.ppm
142.05701700846353, 00547_7.ppm
106.6569315592448, 00461_2.ppm
99.33001963297527, 00145_1.ppm
132.94562784830728, 00965_1.ppm
189.8249308268229, 00806_1.ppm
190.38586934407553, 00926_2.ppm
142.6317927042643, 00796_1.ppm
122.88483174641927, 00178_2.ppm
124.35525258382161, 00718_4.ppm
153.8984171549479, 00716_2.ppm
109.33523305257161, 00077_2.ppm
157.49036153157553, 00930_1.ppm
167.5975341796875, 00761_7.ppm
112.7567850748698, 00449_2.ppm
136.52394358317056, 00492_4.ppm
64.46387990315755, 00873_2.ppm
65.51662190755208, 00283_2.ppm
117.79669952392578, 00685_2.ppm
126.04025268554688, 00999_1.ppm
154.0649210611979, 00750_4.ppm
99.27722930908203, 00648_4.ppm
148.77261352539062, 00503_3.ppm
114.41490427652995, 00804_2.ppm
139.32199350992838, 00949_2.ppm
137.30552419026694, 00413_1.ppm
134.23001861572266, 00430_1.ppm
122.4613037109375, 00568_4.ppm
157.34158325195312, 00514_3.ppm
129.01962280273438, 00570_4.ppm
134.0135752360026, 00741_1.ppm
72.1713155110677, 00859_1.ppm
117.35666402180989, 00130_1.ppm
113.03656768798828, 00404_1.ppm
176.75942738850912, 00468_3.ppm
166.36155954996744, 00732_4.ppm
62.986297607421875, 00283_6.ppm
150.74302673339844, 00720_1.ppm
125.96175384521484, 00342_2.ppm
148.42743682861328, 00188_4.ppm
88.99118041992188, 00767_2.ppm
161.94822947184244, 00323_2.ppm
134.08105977376303, 00706_1.ppm
122.7545649210612, 00992_1.ppm
138.87003072102866, 00540_2.ppm
116.55894978841145, 00727_1.ppm
125.58187357584636, 00220_1.ppm
67.60668690999348, 00839_1.ppm
134.18197377522787, 00796_2.ppm
119.93355560302734, 00071_1.ppm
120.94156392415364, 00530_1.ppm
71.12684377034505, 00818_2.ppm
139.22095235188803, 00584_2.ppm
142.46531422932944, 00760_4.ppm
128.58824157714844, 00738_2.ppm
164.78941090901694, 00622_4.ppm
140.26060485839844, 00512_4.ppm
129.83546447753906, 00287_2.ppm
143.912478129069, 00167_1.ppm
97.49065399169922, 00862_2.ppm
136.50472005208334, 00399_1.ppm
147.92777252197266, 00081_6.ppm
95.64774576822917, 00986_1.ppm
106.75453440348308, 00495_2.ppm
153.66667938232422, 00907_1.ppm
118.50312805175781, 00633_1.ppm
132.34134165445963, 00753_2.ppm
74.31871541341145, 00830_2.ppm
154.6751937866211, 00948_2.ppm
129.82565053304037, 00127_1.ppm
135.5662384033203, 01001_2.ppm
111.9605229695638, 00074_1.ppm
148.9576670328776, 00900_2.ppm
102.00646464029948, 00143_2.ppm
114.84171803792317, 00787_2.ppm
154.30433146158853, 00876_3.ppm
116.76520538330078, 00258_2.ppm
131.04061635335287, 00033_1.ppm
106.24573771158855, 00662_1.ppm
156.4137929280599, 00640_1.ppm
145.92545318603516, 00070_10.ppm
130.65362040201822, 00582_2.ppm
128.09776051839194, 00332_2.ppm
125.57341003417969, 00606_1.ppm
159.10851033528647, 00299_2.ppm
127.49850718180339, 00590_1.ppm
128.33803049723306, 00146_5.ppm
126.29142761230469, 00306_2.ppm
134.533203125, 00610_1.ppm
141.4167683919271, 00942_1.ppm
155.79745737711588, 00588_4.ppm
166.91771952311197, 00766_1.ppm
118.5971171061198, 00385_2.ppm
121.70960489908855, 00991_2.ppm
171.87862141927084, 00206_2.ppm
135.25069173177084, 00477_3.ppm
128.48797353108725, 00533_5.ppm
87.32225036621094, 00867_1.ppm
90.59391784667969, 00867_4.ppm
120.04084014892578, 00377_2.ppm
147.00588989257812, 00970_2.ppm
120.51647694905598, 00099_2.ppm
146.94851430257162, 00562_1.ppm
129.3000005086263, 00497_1.ppm
155.5351816813151, 00002_8.ppm
146.5522435506185, 00921_2.ppm
156.141232808431, 00268_10.ppm
73.13758341471355, 00024_1.ppm
167.0800577799479, 00724_4.ppm
133.36736806233725, 00287_1.ppm
178.16497294108072, 00751_4.ppm
113.35459899902344, 00523_2.ppm
70.3080546061198, 00024_6.ppm
110.49300130208333, 00996_2.ppm
110.20439910888672, 00148_1.ppm
107.45374298095703, 00162_4.ppm
149.12779998779297, 00811_2.ppm
168.9570083618164, 00752_5.ppm
115.62863667805989, 00385_1.ppm
135.6686757405599, 00889_1.ppm
125.62631225585938, 00028_2.ppm
139.69930521647134, 00969_2.ppm
161.63180287679037, 00008_1.ppm
165.4159418741862, 00766_3.ppm
105.00986226399739, 00028_4.ppm
135.56616973876953, 00519_4.ppm
79.28599548339844, 00856_2.ppm
143.9194564819336, 00358_2.ppm
64.98376973470052, 00863_1.ppm
134.20917256673178, 00081_5.ppm
97.01372782389323, 00365_1.ppm
142.58444468180338, 00654_1.ppm
88.09217580159505, 00705_4.ppm
121.82773081461589, 00229_2.ppm
128.11068216959634, 00805_1.ppm
152.03560384114584, 00935_1.ppm
133.5849177042643, 00022_2.ppm
123.15045166015625, 00107_1.ppm
125.3593241373698, 00788_2.ppm
87.86421457926433, 00854_2.ppm
165.0351130167643, 00906_2.ppm
144.78993479410806, 00628_2.ppm
111.68350219726562, 00434_2.ppm
130.34071350097656, 00637_2.ppm
100.4097671508789, 00160_2.ppm
115.78751373291016, 00762_1.ppm
127.47707875569661, 00066_1.ppm
155.32178497314453, 00592_1.ppm
182.2940877278646, 00724_2.ppm
128.31572723388672, 00096_3.ppm
124.902587890625, 00441_2.ppm
157.27989705403647, 00706_3.ppm
116.0542704264323, 00181_1.ppm
134.20543162027994, 00566_1.ppm
120.08167775472005, 00507_2.ppm
167.69603474934897, 00976_2.ppm
119.62027994791667, 00816_3.ppm
100.88277689615886, 00254_2.ppm
137.47674306233725, 00673_2.ppm
148.14580790201822, 00756_2.ppm
112.7764892578125, 00379_1.ppm
153.6554412841797, 00645_1.ppm
119.40899403889973, 00146_1.ppm
122.10505930582683, 00029_18.ppm
131.33401234944662, 00424_2.ppm
170.3289540608724, 00732_3.ppm
120.2553939819336, 00429_1.ppm
124.1122563680013, 00249_1.ppm
133.9622548421224, 00624_1.ppm
143.4842987060547, 00720_4.ppm
119.68936157226562, 00238_1.ppm
119.90860239664714, 00356_1.ppm
110.66602325439453, 00029_6.ppm
143.35022989908853, 00498_4.ppm
146.27059682210287, 00515_1.ppm
145.98052978515625, 00593_2.ppm
132.27821095784506, 00185_3.ppm
116.82712300618489, 00065_2.ppm
71.99102020263672, 00070_12.ppm
128.73985799153647, 00746_3.ppm
126.53479258219402, 00944_2.ppm
155.6510009765625, 00876_2.ppm
111.42149861653645, 00387_3.ppm
141.2592544555664, 00205_2.ppm
85.8941650390625, 00661_2.ppm
94.37263488769531, 00080_1.ppm
172.44577280680338, 00206_1.ppm
121.48025004069011, 00275_1.ppm
130.32245381673178, 00465_6.ppm
118.46674346923828, 00794_2.ppm
90.44850158691406, 00767_3.ppm
171.51175944010416, 00947_2.ppm
146.58766428629556, 00488_3.ppm
87.37243143717448, 00689_1.ppm
78.73214721679688, 00704_3.ppm
129.80772145589194, 00717_8.ppm
127.25182088216145, 00708_4.ppm
127.46900939941406, 00697_1.ppm
69.95721435546875, 00871_2.ppm
124.48522440592448, 00178_1.ppm
124.48577372233073, 00534_2.ppm
101.97224426269531, 00270_2.ppm
165.15433247884116, 00901_1.ppm
137.81464640299478, 00550_4.ppm
127.32722727457683, 00669_1.ppm
125.80690511067708, 00675_2.ppm
131.63717142740884, 00997_2.ppm
123.25653330485027, 00523_3.ppm
95.95858001708984, 00211_2.ppm
131.1834513346354, 00889_2.ppm
114.64757029215495, 00713_5.ppm
147.6853815714518, 00518_2.ppm
113.33529663085938, 00190_1.ppm
119.25839233398438, 00476_3.ppm
159.64519246419272, 00904_1.ppm
91.1505635579427, 00719_4.ppm
171.87964884440103, 00900_4.ppm
93.58411661783855, 00407_2.ppm
115.7819112141927, 01006_2.ppm
167.26953633626303, 00957_1.ppm
149.22759755452475, 00468_2.ppm
64.15750885009766, 00283_3.ppm
133.43814595540366, 00768_5.ppm
160.16350555419922, 00472_3.ppm
157.77495829264322, 00801_1.ppm
96.22448984781902, 00682_2.ppm
112.45749409993489, 00409_2.ppm
135.70602416992188, 00561_4.ppm
119.6041488647461, 00675_1.ppm
67.81655629475911, 00859_2.ppm
122.25788116455078, 00546_2.ppm
106.91360219319661, 00176_2.ppm
129.91299438476562, 00351_1.ppm
129.3826471964518, 00951_2.ppm
131.09608205159506, 00998_1.ppm
135.61143747965494, 00297_1.ppm
71.98681131998698, 00730_2.ppm
130.526242574056, 00421_2.ppm
121.4180908203125, 00556_2.ppm
156.56546274820963, 00535_1.ppm
116.74789937337239, 00181_2.ppm
129.3564249674479, 00001_2.ppm
143.6867904663086, 00925_1.ppm
112.76802825927734, 00212_2.ppm
104.43068440755208, 00446_2.ppm
128.52545166015625, 01012_2.ppm
143.21438852945963, 00591_2.ppm
91.42658996582031, 00700_1.ppm
126.07591501871745, 00621_1.ppm
106.47247060139973, 00227_2.ppm
136.33999888102213, 00594_3.ppm
129.66288248697916, 00168_2.ppm
129.6531982421875, 00999_2.ppm
144.91788736979166, 00193_1.ppm
137.76110331217447, 00108_7.ppm
64.25145467122395, 00844_1.ppm
110.135498046875, 00670_1.ppm
134.82023111979166, 00320_2.ppm
149.5312271118164, 00614_3.ppm
129.20250447591147, 00307_1.ppm
119.88691711425781, 00169_1.ppm
121.75245412190755, 00161_2.ppm
126.52076721191406, 00441_1.ppm
110.05117797851562, 00166_2.ppm
132.81436920166016, 01004_1.ppm
107.66466776529948, 00789_4.ppm
148.0886688232422, 00005_2.ppm
128.4899139404297, 00368_1.ppm
146.25001017252603, 00193_3.ppm
145.76404571533203, 00961_2.ppm
148.93050638834634, 00963_2.ppm
142.73934427897134, 00623_2.ppm
138.632932027181, 00604_5.ppm
136.8331095377604, 00205_1.ppm
130.76788584391275, 00664_2.ppm
89.31811777750652, 00588_1.ppm
134.74054209391275, 00644_2.ppm
119.71329752604167, 00739_2.ppm
87.58414459228516, 00984_2.ppm
107.77613830566406, 00166_1.ppm
142.0117416381836, 00897_2.ppm
133.0757598876953, 00732_2.ppm
137.15801747639975, 00745_2.ppm
180.4269790649414, 00501_1.ppm
111.57846069335938, 00068_2.ppm
131.36551666259766, 00749_1.ppm
120.16715749104817, 00804_4.ppm
120.05990854899089, 00184_1.ppm
126.79332224527995, 00674_1.ppm
162.01455942789713, 00921_1.ppm
152.61404164632162, 00514_1.ppm
119.99881490071614, 00247_1.ppm
102.21960957845052, 00056_1.ppm
150.5227533976237, 00256_5.ppm
100.04102071126302, 00093_7.ppm
141.18953450520834, 00750_3.ppm
83.16269175211589, 00239_2.ppm
133.35345204671225, 00474_4.ppm
146.61661783854166, 00393_2.ppm
142.31424204508463, 00621_2.ppm
106.04744211832683, 00266_1.ppm
117.86930338541667, 00461_4.ppm
125.02754211425781, 00717_5.ppm
128.5867665608724, 00279_1.ppm
126.61107635498047, 00317_2.ppm
137.19838205973306, 00088_1.ppm
90.26891072591145, 00029_2.ppm
152.76734161376953, 00757_1.ppm
120.51156870524089, 00983_2.ppm
128.1709467569987, 00607_1.ppm
157.91070048014322, 00070_6.ppm
155.11790211995444, 00547_8.ppm
145.75334676106772, 00789_2.ppm
150.18328603108725, 00523_1.ppm
112.13899739583333, 00114_1.ppm
156.19635264078775, 00922_1.ppm
130.84407806396484, 00663_1.ppm
126.77929941813152, 00394_2.ppm
149.05877431233725, 00108_4.ppm
127.7678960164388, 00697_2.ppm
148.69603220621744, 00028_1.ppm
146.26325480143228, 00391_2.ppm
114.19601694742839, 00943_2.ppm
157.2574462890625, 00708_8.ppm
154.90305836995444, 00883_1.ppm
129.9880854288737, 00356_2.ppm
116.73459879557292, 00560_1.ppm
121.60802968343098, 00532_1.ppm
99.48396809895833, 00670_2.ppm
95.97914123535156, 00705_7.ppm
140.009885152181, 00545_1.ppm
119.3161849975586, 00771_4.ppm
127.21825154622395, 00396_2.ppm
165.13565063476562, 00810_3.ppm
